record_id,contract_id,clause_text,primary_category,all_categories,is_multilabel,matched_keywords,token_count_approx,category_risk_signal,model_confidence,template_deviation_signal,keyword_risk_signal,risk_score,advisor_risk_label,dataset_split,source_type
1,CTR-10001,The indemnifying party will indemnify the other party from covered claims.,Indemnification,Indemnification,False,indemnify,11,1.0,0.68,0.6,0.65,76.6,High,Train,Synthetic
2,CTR-10002,"Upon request, Supplier shall provide a current certificate of insurance. Participation in a non-compete during the term requires prior approval.",Insurance,Insurance|Non-Compete,True,certificate of insurance|non-compete,21,1.0,0.61,0.71,0.71,79.1,High,Train,Synthetic
3,CTR-10003,Each party shall protect confidential information and may disclose it only to personnel with a need to know.,Confidentiality,Confidentiality,False,confidential information,18,0.4,0.79,0.2,0.31,41.0,Low,Train,Synthetic
4,CTR-10004,Either party may terminate this agreement upon 30 days written notice.,Termination,Termination,False,terminate,11,0.6,0.8,0.35,0.39,53.6,Medium,Train,Synthetic
5,CTR-10005,Interpretation shall follow the laws of California.,Governing Law,Governing Law,False,laws of,7,0.2,0.85,0.2,0.16,32.2,Low,Train,Synthetic
6,CTR-10006,"This agreement is exclusive jurisdiction the State of Texas, without regard to conflict-of-law principles.",Governing Law,Governing Law,False,exclusive jurisdiction,16,0.2,0.83,0.09,0.17,29.2,Low,Train,Synthetic
7,CTR-10007,Customer may exercise termination for convenience without cause by providing written notice. Supplier accepts unlimited liability for losses arising from breach of security obligations.,Termination,Termination|Limitation of Liability,True,termination for convenience|unlimited liability,24,0.8,0.71,0.52,0.83,71.8,High,Train,Synthetic
8,CTR-10008,Obligations concerning proprietary information survive termination for 5 years.,Confidentiality,Confidentiality,False,proprietary information,9,0.4,0.85,0.42,0.26,46.7,Medium,Train,Synthetic
9,CTR-10009,Either party may termination for convenience this agreement upon 60 days written notice.,Termination,Termination,False,termination for convenience,13,0.6,0.87,0.27,0.54,56.0,Medium,Train,Synthetic
10,CTR-10010,A party may terminate immediately for an uncured terminate.,Termination,Termination,False,terminate,9,0.6,0.7,0.49,0.41,55.5,Medium,Train,Synthetic
11,CTR-10011,Assignment following a prior written consent requires notice to the customer.,Assignment,Assignment,False,prior written consent,11,0.4,0.77,0.17,0.33,40.2,Low,Train,Synthetic
12,CTR-10012,Obligations concerning proprietary information survive termination for 2 years.,Confidentiality,Confidentiality,False,proprietary information,9,0.4,0.86,0.24,0.22,41.6,Low,Train,Synthetic
13,CTR-10013,The parties submit to the governed by of courts located in Delaware.,Governing Law,Governing Law,False,governed by,12,0.2,0.88,0.29,0.1,33.9,Low,Train,Synthetic
14,CTR-10014,Assignment following a assign requires notice to the customer.,Assignment,Assignment,False,assign,9,0.4,0.95,0.2,0.2,42.0,Low,Train,Synthetic
15,CTR-10015,The recipient must not disclose proprietary information to any third party without prior written consent.,Confidentiality,Confidentiality,False,proprietary information,15,0.4,0.92,0.4,0.22,46.8,Medium,Validation,Synthetic
16,CTR-10016,Supplier accepts unlimited liability for losses arising from breach of security obligations. Obligations concerning non-disclosure survive termination for 3 years.,Limitation of Liability,Limitation of Liability|Confidentiality,True,unlimited liability|non-disclosure,21,0.8,0.75,0.4,0.68,66.6,Medium,Validation,Synthetic
17,CTR-10017,The parties submit to the exclusive jurisdiction of courts located in New York.,Governing Law,Governing Law,False,exclusive jurisdiction,13,0.2,0.75,0.12,0.15,28.0,Low,Validation,Synthetic
18,CTR-10018,The recipient must not disclose confidential information to any third party without prior written consent.,Confidentiality,Confidentiality,False,confidential information,15,0.4,0.84,0.29,0.24,42.9,Low,Test,Synthetic
19,CTR-10019,Coverage shall include commercial general liability insurance issued by a reputable carrier.,Insurance,Insurance,False,commercial general liability insurance,12,0.6,0.71,0.33,0.34,50.2,Medium,Test,Synthetic
20,CTR-10020,Coverage shall include commercial general liability insurance issued by a reputable carrier.,Insurance,Insurance,False,commercial general liability insurance,12,0.6,0.77,0.38,0.36,53.1,Medium,Test,Synthetic
21,CTR-10021,Either party may material breach this agreement upon 15 days written notice.,Termination,Termination,False,material breach,12,0.6,0.73,0.53,0.45,57.9,Medium,Train,Synthetic
22,CTR-10022,Either party may termination for convenience this agreement upon 30 days written notice.,Termination,Termination,False,termination for convenience,13,0.6,0.77,0.36,0.6,57.4,Medium,Train,Synthetic
23,CTR-10023,Each party shall protect confidential information and may disclose it only to personnel with a need to know.,Confidentiality,Confidentiality,False,confidential information,18,0.4,0.79,0.27,0.22,41.0,Low,Train,Synthetic
24,CTR-10024,Supplier accepts liability cap for losses arising from breach of security obligations.,Limitation of Liability,Limitation of Liability,False,liability cap,12,0.8,0.9,0.6,0.57,72.4,High,Train,Synthetic
25,CTR-10025,The aggregate liability cap shall not exceed fees paid during the prior 24 months.,Limitation of Liability,Limitation of Liability,False,liability cap,14,0.8,0.65,0.48,0.48,62.6,Medium,Train,Synthetic
26,CTR-10026,Assignment following a prior written consent requires notice to the customer.,Assignment,Assignment,False,prior written consent,11,0.4,0.64,0.18,0.21,35.5,Low,Train,Synthetic
27,CTR-10027,The recipient must not disclose non-disclosure to any third party without prior written consent.,Confidentiality,Confidentiality,False,non-disclosure,15,0.4,0.71,0.24,0.21,38.4,Low,Train,Synthetic
28,CTR-10028,The parties submit to the exclusive jurisdiction of courts located in Texas. The parties shall comply with applicable personal data and maintain appropriate safeguards.,Governing Law,Governing Law|Data Privacy,True,exclusive jurisdiction|personal data,24,0.8,0.85,0.49,0.43,65.8,Medium,Train,Synthetic
29,CTR-10029,Interpretation shall follow the governed by New Jersey.,Governing Law,Governing Law,False,governed by,8,0.2,0.85,0.15,0.07,29.1,Low,Train,Synthetic
30,CTR-10030,"This agreement is laws of the State of Delaware, without regard to conflict-of-law principles.",Governing Law,Governing Law,False,laws of,16,0.2,0.85,0.19,0.12,31.1,Low,Train,Synthetic
31,CTR-10031,The aggregate consequential damages shall not exceed fees paid during the prior 6 months.,Limitation of Liability,Limitation of Liability,False,consequential damages,14,0.8,0.88,0.58,0.55,71.1,High,Train,Synthetic
32,CTR-10032,Either party may material breach this agreement upon 60 days written notice.,Termination,Termination,False,material breach,12,0.6,0.74,0.32,0.44,52.6,Medium,Train,Synthetic
33,CTR-10033,"Neither party is liable for indirect or liability cap, except where prohibited by law.",Limitation of Liability,Limitation of Liability,False,liability cap,14,0.8,0.88,0.36,0.48,64.2,Medium,Train,Synthetic
34,CTR-10034,"Neither party is liable for indirect or unlimited liability, except where prohibited by law. Interpretation shall follow the laws of Texas.",Limitation of Liability,Limitation of Liability|Governing Law,True,unlimited liability|laws of,21,0.8,0.65,0.48,0.67,66.4,Medium,Train,Synthetic
35,CTR-10035,Each party shall protect proprietary information and may disclose it only to personnel with a need to know.,Confidentiality,Confidentiality,False,proprietary information,18,0.4,0.9,0.48,0.22,48.4,Medium,Validation,Synthetic
36,CTR-10036,The recipient must not disclose confidential information to any third party without prior written consent.,Confidentiality,Confidentiality,False,confidential information,15,0.4,0.7,0.23,0.23,38.3,Low,Validation,Synthetic
37,CTR-10037,"A party may terminate immediately for an uncured termination for convenience. Upon request, Supplier shall provide a current commercial general liability insurance.",Termination,Termination|Insurance,True,termination for convenience|commercial general liability insurance,22,0.6,0.86,0.41,0.59,60.2,Medium,Validation,Synthetic
38,CTR-10038,The parties submit to the laws of of courts located in New Jersey.,Governing Law,Governing Law,False,laws of,13,0.2,0.74,0.3,0.11,31.5,Low,Test,Synthetic
39,CTR-10039,"Assignment following a assign requires notice to the customer. This agreement is exclusive jurisdiction the State of Delaware, without regard to conflict-of-law principles.",Assignment,Assignment|Governing Law,True,assign|exclusive jurisdiction,25,0.4,0.7,0.32,0.25,41.0,Low,Test,Synthetic
40,CTR-10040,Customer may exercise terminate without cause by providing written notice. The parties submit to the laws of of courts located in Delaware.,Termination,Termination|Governing Law,True,terminate|laws of,22,0.6,0.88,0.48,0.32,57.0,Medium,Test,Synthetic
41,CTR-10041,The parties submit to the exclusive jurisdiction of courts located in Delaware.,Governing Law,Governing Law,False,exclusive jurisdiction,12,0.2,0.94,0.2,0.14,33.6,Low,Train,Synthetic
42,CTR-10042,Obligations concerning confidential information survive termination for 7 years.,Confidentiality,Confidentiality,False,confidential information,9,0.4,0.8,0.24,0.3,42.0,Low,Train,Synthetic
43,CTR-10043,"This agreement is laws of the State of Delaware, without regard to conflict-of-law principles.",Governing Law,Governing Law,False,laws of,16,0.2,0.82,0.09,0.22,30.0,Low,Train,Synthetic
44,CTR-10044,Either party may termination for convenience this agreement upon 90 days written notice. Participation in a restricted period during the term requires prior approval.,Termination,Termination|Non-Compete,True,termination for convenience|restricted period,24,1.0,0.77,0.69,0.75,82.7,High,Train,Synthetic
45,CTR-10045,"This agreement is laws of the State of Delaware, without regard to conflict-of-law principles. Supplier shall maintain commercial general liability insurance with limits of at least $1,000,000 during the term.",Governing Law,Governing Law|Insurance,True,laws of|commercial general liability insurance,34,0.6,0.6,0.39,0.45,51.8,Medium,Train,Synthetic
46,CTR-10046,Each party shall protect non-disclosure and may disclose it only to personnel with a need to know.,Confidentiality,Confidentiality,False,non-disclosure,18,0.4,0.87,0.14,0.31,41.1,Low,Train,Synthetic
47,CTR-10047,Supplier shall obtain prior written consent before transferring its obligations.,Assignment,Assignment,False,prior written consent,10,0.4,0.83,0.28,0.21,41.8,Low,Train,Synthetic
48,CTR-10048,Coverage shall include commercial general liability insurance issued by a reputable carrier.,Insurance,Insurance,False,commercial general liability insurance,12,0.6,0.92,0.32,0.36,54.6,Medium,Train,Synthetic
49,CTR-10049,Coverage shall include commercial general liability insurance issued by a reputable carrier.,Insurance,Insurance,False,commercial general liability insurance,12,0.6,0.78,0.43,0.39,55.2,Medium,Train,Synthetic
50,CTR-10050,Each party shall protect non-disclosure and may disclose it only to personnel with a need to know.,Confidentiality,Confidentiality,False,non-disclosure,18,0.4,0.91,0.26,0.25,43.7,Low,Train,Synthetic
51,CTR-10051,The recipient must not disclose proprietary information to any third party without prior written consent.,Confidentiality,Confidentiality,False,proprietary information,15,0.4,0.97,0.49,0.25,50.6,Medium,Train,Synthetic
52,CTR-10052,Each party shall protect non-disclosure and may disclose it only to personnel with a need to know. Supplier shall process security incident only on documented instructions from Customer.,Confidentiality,Confidentiality|Data Privacy,True,non-disclosure|security incident,29,0.8,0.59,0.63,0.73,70.2,High,Train,Synthetic
53,CTR-10053,Either party may termination for convenience this agreement upon 60 days written notice.,Termination,Termination,False,termination for convenience,13,0.6,0.94,0.22,0.46,54.5,Medium,Train,Synthetic
54,CTR-10054,Interpretation shall follow the exclusive jurisdiction New York.,Governing Law,Governing Law,False,exclusive jurisdiction,8,0.2,0.73,0.12,0.16,27.8,Low,Train,Synthetic
55,CTR-10055,A party may terminate immediately for an uncured termination for convenience.,Termination,Termination,False,termination for convenience,11,0.6,0.69,0.33,0.47,52.4,Medium,Validation,Synthetic
56,CTR-10056,"Neither party is liable for indirect or unlimited liability, except where prohibited by law.",Limitation of Liability,Limitation of Liability,False,unlimited liability,14,0.8,0.73,0.41,0.64,65.6,Medium,Validation,Synthetic
57,CTR-10057,"Neither party is liable for indirect or liability cap, except where prohibited by law.",Limitation of Liability,Limitation of Liability,False,liability cap,14,0.8,0.83,0.35,0.53,63.9,Medium,Validation,Synthetic
58,CTR-10058,Supplier shall obtain assign before transferring its obligations. Customer may exercise terminate without cause by providing written notice.,Assignment,Assignment|Termination,True,assign|terminate,18,0.6,0.73,0.41,0.45,54.9,Medium,Test,Synthetic
59,CTR-10059,A party may terminate immediately for an uncured material breach.,Termination,Termination,False,material breach,10,0.6,0.67,0.31,0.45,51.2,Medium,Test,Synthetic
60,CTR-10060,The parties submit to the laws of of courts located in Delaware.,Governing Law,Governing Law,False,laws of,12,0.2,0.84,0.15,0.16,30.8,Low,Test,Synthetic
61,CTR-10061,"This agreement is exclusive jurisdiction the State of Texas, without regard to conflict-of-law principles.",Governing Law,Governing Law,False,exclusive jurisdiction,16,0.2,0.86,0.2,0.18,32.8,Low,Train,Synthetic
62,CTR-10062,Obligations concerning confidential information survive termination for 2 years. A party may terminate immediately for an uncured terminate.,Confidentiality,Confidentiality|Termination,True,confidential information|terminate,18,0.6,0.65,0.38,0.32,49.9,Medium,Train,Synthetic
63,CTR-10063,Assignment following a prior written consent requires notice to the customer.,Assignment,Assignment,False,prior written consent,11,0.4,0.9,0.13,0.32,41.6,Low,Train,Synthetic
64,CTR-10064,A party may terminate immediately for an uncured terminate.,Termination,Termination,False,terminate,9,0.6,0.78,0.26,0.34,49.9,Medium,Train,Synthetic
65,CTR-10065,"Supplier shall maintain certificate of insurance with limits of at least $2,000,000 during the term.",Insurance,Insurance,False,certificate of insurance,17,0.6,0.78,0.29,0.41,52.0,Medium,Train,Synthetic
66,CTR-10066,Neither party may prior written consent this agreement without the other party’s prior written consent.,Assignment,Assignment,False,prior written consent,16,0.4,0.7,0.22,0.31,39.7,Low,Train,Synthetic
67,CTR-10067,Either party may material breach this agreement upon 15 days written notice.,Termination,Termination,False,material breach,12,0.6,0.68,0.29,0.38,49.5,Medium,Train,Synthetic
68,CTR-10068,"Neither party is liable for indirect or consequential damages, except where prohibited by law.",Limitation of Liability,Limitation of Liability,False,consequential damages,14,0.8,0.86,0.69,0.43,71.0,High,Train,Synthetic
69,CTR-10069,"Supplier shall maintain commercial general liability insurance with limits of at least $2,000,000 during the term. Supplier accepts consequential damages for losses arising from breach of security obligations.",Insurance,Insurance|Limitation of Liability,True,commercial general liability insurance|consequential damages,30,0.8,0.88,0.43,0.5,66.3,Medium,Train,Synthetic
70,CTR-10070,A party may terminate immediately for an uncured material breach.,Termination,Termination,False,material breach,10,0.6,0.88,0.23,0.41,52.6,Medium,Train,Synthetic
71,CTR-10071,Customer may exercise termination for convenience without cause by providing written notice. The parties submit to the governed by of courts located in Delaware.,Termination,Termination|Governing Law,True,termination for convenience|governed by,24,0.6,0.68,0.26,0.5,51.1,Medium,Train,Synthetic
72,CTR-10072,The recipient must not disclose confidential information to any third party without prior written consent.,Confidentiality,Confidentiality,False,confidential information,15,0.4,0.86,0.26,0.31,43.9,Low,Train,Synthetic
73,CTR-10073,The indemnifying party will defend and hold harmless the other party from covered claims.,Indemnification,Indemnification,False,defend and hold harmless,14,1.0,0.96,0.78,0.56,84.9,High,Train,Synthetic
74,CTR-10074,Neither party may change of control this agreement without the other party’s prior written consent.,Assignment,Assignment,False,change of control,16,0.4,0.96,0.26,0.19,43.5,Low,Train,Synthetic
75,CTR-10075,Obligations concerning proprietary information survive termination for 7 years.,Confidentiality,Confidentiality,False,proprietary information,9,0.4,0.7,0.47,0.28,45.3,Medium,Validation,Synthetic
76,CTR-10076,Supplier shall process security incident only on documented instructions from Customer.,Data Privacy,Data Privacy,False,security incident,11,0.8,0.72,0.46,0.65,66.9,Medium,Validation,Synthetic
77,CTR-10077,The recipient must not disclose non-disclosure to any third party without prior written consent. Supplier accepts unlimited liability for losses arising from breach of security obligations.,Confidentiality,Confidentiality|Limitation of Liability,True,non-disclosure|unlimited liability,27,0.8,0.56,0.34,0.7,61.7,Medium,Validation,Synthetic
78,CTR-10078,Obligations concerning non-disclosure survive termination for 5 years.,Confidentiality,Confidentiality,False,non-disclosure,9,0.4,0.94,0.38,0.33,48.9,Medium,Test,Synthetic
79,CTR-10079,The recipient must not disclose non-disclosure to any third party without prior written consent.,Confidentiality,Confidentiality,False,non-disclosure,15,0.4,0.81,0.29,0.24,42.2,Low,Test,Synthetic
80,CTR-10080,The recipient must not disclose confidential information to any third party without prior written consent.,Confidentiality,Confidentiality,False,confidential information,15,0.4,0.72,0.32,0.23,41.0,Low,Test,Synthetic
81,CTR-10081,Neither party may change of control this agreement without the other party’s prior written consent.,Assignment,Assignment,False,change of control,16,0.4,0.67,0.33,0.32,42.0,Low,Train,Synthetic
82,CTR-10082,Either party may terminate this agreement upon 30 days written notice.,Termination,Termination,False,terminate,11,0.6,0.82,0.23,0.38,50.8,Medium,Train,Synthetic
83,CTR-10083,Each party shall protect confidential information and may disclose it only to personnel with a need to know.,Confidentiality,Confidentiality,False,confidential information,18,0.4,0.7,0.24,0.2,38.0,Low,Train,Synthetic
84,CTR-10084,Either party may terminate this agreement upon 45 days written notice.,Termination,Termination,False,terminate,11,0.6,0.76,0.26,0.41,50.9,Medium,Train,Synthetic
85,CTR-10085,Customer may exercise terminate without cause by providing written notice.,Termination,Termination,False,terminate,10,0.6,0.69,0.37,0.37,51.4,Medium,Train,Synthetic
86,CTR-10086,Participation in a competing business during the term requires prior approval.,Non-Compete,Non-Compete,False,competing business,11,1.0,0.75,0.56,0.6,76.0,High,Train,Synthetic
87,CTR-10087,Supplier accepts consequential damages for losses arising from breach of security obligations.,Limitation of Liability,Limitation of Liability,False,consequential damages,12,0.8,0.72,0.51,0.56,66.3,Medium,Train,Synthetic
88,CTR-10088,The parties submit to the exclusive jurisdiction of courts located in California.,Governing Law,Governing Law,False,exclusive jurisdiction,12,0.2,0.84,0.2,0.18,32.4,Low,Train,Synthetic
89,CTR-10089,Supplier accepts liability cap for losses arising from breach of security obligations. Participation in a non-compete during the term requires prior approval.,Limitation of Liability,Limitation of Liability|Non-Compete,True,liability cap|non-compete,23,1.0,0.58,0.73,0.8,80.8,High,Train,Synthetic
90,CTR-10090,Either party may terminate this agreement upon 90 days written notice.,Termination,Termination,False,terminate,11,0.6,0.95,0.46,0.33,58.1,Medium,Train,Synthetic
91,CTR-10091,Supplier shall retain documentation supporting Customer’s audit records for 3 years.,Audit Rights,Audit Rights,False,audit records,12,0.6,0.92,0.33,0.43,56.2,Medium,Train,Synthetic
92,CTR-10092,Each party shall protect confidential information and may disclose it only to personnel with a need to know.,Confidentiality,Confidentiality,False,confidential information,18,0.4,0.79,0.3,0.22,41.7,Low,Train,Synthetic
93,CTR-10093,Either party may material breach this agreement upon 60 days written notice.,Termination,Termination,False,material breach,12,0.6,0.82,0.36,0.32,52.8,Medium,Train,Synthetic
94,CTR-10094,Coverage shall include certificate of insurance issued by a reputable carrier.,Insurance,Insurance,False,certificate of insurance,11,0.6,0.74,0.32,0.34,50.6,Medium,Train,Synthetic
95,CTR-10095,Obligations concerning non-disclosure survive termination for 5 years.,Confidentiality,Confidentiality,False,non-disclosure,9,0.4,0.64,0.23,0.32,38.9,Low,Validation,Synthetic
96,CTR-10096,"Neither party is liable for indirect or unlimited liability, except where prohibited by law.",Limitation of Liability,Limitation of Liability,False,unlimited liability,14,0.8,0.95,0.54,0.6,72.5,High,Validation,Synthetic
97,CTR-10097,Supplier shall obtain change of control before transferring its obligations.,Assignment,Assignment,False,change of control,10,0.4,0.75,0.44,0.24,44.8,Low,Validation,Synthetic
98,CTR-10098,Customer may exercise terminate without cause by providing written notice.,Termination,Termination,False,terminate,10,0.6,0.66,0.51,0.36,54.2,Medium,Test,Synthetic
99,CTR-10099,"Neither party is liable for indirect or unlimited liability, except where prohibited by law.",Limitation of Liability,Limitation of Liability,False,unlimited liability,14,0.8,0.68,0.45,0.6,64.8,Medium,Test,Synthetic
100,CTR-10100,Supplier shall indemnify Customer against losses arising from intellectual property infringement.,Indemnification,Indemnification,False,indemnify,11,1.0,0.73,0.61,0.58,76.4,High,Test,Synthetic
101,CTR-10101,Supplier shall retain documentation supporting Customer’s inspection rights for 1 years.,Audit Rights,Audit Rights,False,inspection rights,12,0.6,0.8,0.39,0.32,53.2,Medium,Train,Synthetic
102,CTR-10102,A party may terminate immediately for an uncured material breach.,Termination,Termination,False,material breach,10,0.6,0.65,0.5,0.42,54.9,Medium,Train,Synthetic
103,CTR-10103,"Upon request, Supplier shall provide a current cyber insurance.",Insurance,Insurance,False,cyber insurance,9,0.6,0.64,0.4,0.41,52.0,Medium,Train,Synthetic
104,CTR-10104,Assignment following a assign requires notice to the customer.,Assignment,Assignment,False,assign,9,0.4,0.8,0.38,0.24,44.3,Low,Train,Synthetic
105,CTR-10105,"During the restricted period of 7 years, Supplier shall not provide equivalent services to named competitors.",Non-Compete,Non-Compete,False,restricted period,16,1.0,0.69,0.73,0.61,79.2,High,Train,Synthetic
106,CTR-10106,Customer may exercise termination for convenience without cause by providing written notice.,Termination,Termination,False,termination for convenience,12,0.6,0.79,0.27,0.52,53.9,Medium,Train,Synthetic
107,CTR-10107,The recipient must not disclose proprietary information to any third party without prior written consent.,Confidentiality,Confidentiality,False,proprietary information,15,0.4,0.94,0.16,0.3,42.8,Low,Train,Synthetic
108,CTR-10108,Customer may audit records on reasonable notice during normal business hours.,Audit Rights,Audit Rights,False,audit records,11,0.6,0.86,0.59,0.44,61.8,Medium,Train,Synthetic
109,CTR-10109,An independent auditor may review Supplier’s compliance once per calendar year.,Audit Rights,Audit Rights,False,independent auditor,12,0.6,0.68,0.43,0.38,53.0,Medium,Train,Synthetic
110,CTR-10110,An inspection rights may review Supplier’s compliance once per calendar year.,Audit Rights,Audit Rights,False,inspection rights,12,0.6,0.89,0.48,0.44,59.6,Medium,Train,Synthetic
111,CTR-10111,Either party may material breach this agreement upon 10 days written notice.,Termination,Termination,False,material breach,12,0.6,0.72,0.43,0.44,54.9,Medium,Train,Synthetic
112,CTR-10112,The recipient must not disclose confidential information to any third party without prior written consent.,Confidentiality,Confidentiality,False,confidential information,15,0.4,0.76,0.19,0.24,38.8,Low,Train,Synthetic
113,CTR-10113,"Neither party is liable for indirect or unlimited liability, except where prohibited by law. Supplier shall process data protection laws only on documented instructions from Customer.",Limitation of Liability,Limitation of Liability|Data Privacy,True,unlimited liability|data protection laws,26,0.8,0.58,0.32,0.65,60.6,Medium,Train,Synthetic
114,CTR-10114,"During the non-compete of 2 years, Supplier shall not provide equivalent services to named competitors.",Non-Compete,Non-Compete,False,non-compete,16,1.0,0.76,0.5,0.78,78.3,High,Train,Synthetic
115,CTR-10115,"Upon request, Supplier shall provide a current certificate of insurance.",Insurance,Insurance,False,certificate of insurance,10,0.6,0.77,0.38,0.44,54.7,Medium,Validation,Synthetic
116,CTR-10116,Either party may material breach this agreement upon 60 days written notice.,Termination,Termination,False,material breach,12,0.6,0.87,0.36,0.44,56.2,Medium,Validation,Synthetic
117,CTR-10117,Customer may exercise terminate without cause by providing written notice.,Termination,Termination,False,terminate,10,0.6,0.9,0.34,0.43,56.1,Medium,Validation,Synthetic
118,CTR-10118,"Neither party is liable for indirect or unlimited liability, except where prohibited by law.",Limitation of Liability,Limitation of Liability,False,unlimited liability,14,0.8,0.93,0.37,0.73,70.5,High,Test,Synthetic
119,CTR-10119,"This agreement is laws of the State of New Jersey, without regard to conflict-of-law principles.",Governing Law,Governing Law,False,laws of,17,0.2,0.95,0.09,0.13,30.9,Low,Test,Synthetic
120,CTR-10120,Supplier accepts unlimited liability for losses arising from breach of security obligations.,Limitation of Liability,Limitation of Liability,False,unlimited liability,12,0.8,0.71,0.44,0.7,67.2,Medium,Test,Synthetic
121,CTR-10121,The parties submit to the exclusive jurisdiction of courts located in Texas.,Governing Law,Governing Law,False,exclusive jurisdiction,12,0.2,0.84,0.21,0.08,30.6,Low,Train,Synthetic
122,CTR-10122,"Supplier shall maintain certificate of insurance with limits of at least $5,000,000 during the term.",Insurance,Insurance,False,certificate of insurance,17,0.6,0.81,0.28,0.38,51.8,Medium,Train,Synthetic
123,CTR-10123,Supplier shall retain documentation supporting Customer’s independent auditor for 3 years.,Audit Rights,Audit Rights,False,independent auditor,12,0.6,0.95,0.33,0.34,55.0,Medium,Train,Synthetic
124,CTR-10124,Each party shall protect proprietary information and may disclose it only to personnel with a need to know.,Confidentiality,Confidentiality,False,proprietary information,18,0.4,0.94,0.45,0.31,50.2,Medium,Train,Synthetic
125,CTR-10125,The aggregate unlimited liability shall not exceed fees paid during the prior 12 months.,Limitation of Liability,Limitation of Liability,False,unlimited liability,14,0.8,0.66,0.64,0.72,71.6,High,Train,Synthetic
126,CTR-10126,The recipient must not disclose confidential information to any third party without prior written consent.,Confidentiality,Confidentiality,False,confidential information,15,0.4,0.75,0.44,0.22,44.4,Low,Train,Synthetic
127,CTR-10127,The indemnifying party will indemnify the other party from covered claims.,Indemnification,Indemnification,False,indemnify,11,1.0,0.8,0.55,0.58,76.3,High,Train,Synthetic
128,CTR-10128,Obligations concerning proprietary information survive termination for 7 years.,Confidentiality,Confidentiality,False,proprietary information,9,0.4,0.96,0.23,0.28,44.5,Low,Train,Synthetic
129,CTR-10129,Coverage shall include certificate of insurance issued by a reputable carrier.,Insurance,Insurance,False,certificate of insurance,11,0.6,0.92,0.28,0.44,55.2,Medium,Train,Synthetic
130,CTR-10130,Coverage shall include commercial general liability insurance issued by a reputable carrier.,Insurance,Insurance,False,commercial general liability insurance,12,0.6,0.83,0.32,0.34,52.4,Medium,Train,Synthetic
131,CTR-10131,Supplier shall obtain prior written consent before transferring its obligations.,Assignment,Assignment,False,prior written consent,10,0.4,0.74,0.15,0.28,38.1,Low,Train,Synthetic
132,CTR-10132,"During the competing business of 5 years, Supplier shall not provide equivalent services to named competitors.",Non-Compete,Non-Compete,False,competing business,16,1.0,0.94,0.63,0.59,81.3,High,Train,Synthetic
133,CTR-10133,Supplier shall retain documentation supporting Customer’s inspection rights for 1 years.,Audit Rights,Audit Rights,False,inspection rights,12,0.6,0.7,0.52,0.37,55.4,Medium,Train,Synthetic
134,CTR-10134,"This agreement is governed by the State of New Jersey, without regard to conflict-of-law principles.",Governing Law,Governing Law,False,governed by,17,0.2,0.9,0.05,0.11,28.5,Low,Train,Synthetic
135,CTR-10135,Customer may exercise termination for convenience without cause by providing written notice.,Termination,Termination,False,termination for convenience,12,0.6,0.67,0.3,0.49,51.7,Medium,Validation,Synthetic
136,CTR-10136,Either party may terminate this agreement upon 45 days written notice.,Termination,Termination,False,terminate,11,0.6,0.64,0.29,0.45,50.0,Medium,Validation,Synthetic
137,CTR-10137,"Obligations concerning non-disclosure survive termination for 1 years. This agreement is laws of the State of Delaware, without regard to conflict-of-law principles.",Confidentiality,Confidentiality|Governing Law,True,non-disclosure|laws of,25,0.4,0.8,0.32,0.3,44.0,Low,Validation,Synthetic
138,CTR-10138,Customer may independent auditor on reasonable notice during normal business hours.,Audit Rights,Audit Rights,False,independent auditor,11,0.6,0.75,0.26,0.39,50.3,Medium,Test,Synthetic
139,CTR-10139,Either party may terminate this agreement upon 30 days written notice.,Termination,Termination,False,terminate,11,0.6,0.79,0.23,0.35,49.6,Medium,Test,Synthetic
140,CTR-10140,Supplier shall notify Customer of a personal data within 24 hours. Each party shall protect proprietary information and may disclose it only to personnel with a need to know.,Data Privacy,Data Privacy|Confidentiality,True,personal data|proprietary information,29,0.8,0.63,0.52,0.53,64.2,Medium,Test,Synthetic
141,CTR-10141,The parties shall comply with applicable personal data and maintain appropriate safeguards. Neither party may assign this agreement without the other party’s prior written consent.,Data Privacy,Data Privacy|Assignment,True,personal data|assign,26,0.8,0.64,0.4,0.55,61.8,Medium,Train,Synthetic
142,CTR-10142,"This agreement is governed by the State of New Jersey, without regard to conflict-of-law principles.",Governing Law,Governing Law,False,governed by,17,0.2,0.89,0.1,0.13,29.9,Low,Train,Synthetic
143,CTR-10143,Customer may exercise terminate without cause by providing written notice.,Termination,Termination,False,terminate,10,0.6,0.92,0.39,0.46,58.4,Medium,Train,Synthetic
144,CTR-10144,The parties submit to the laws of of courts located in New York.,Governing Law,Governing Law,False,laws of,13,0.2,0.86,0.08,0.19,30.0,Low,Train,Synthetic
145,CTR-10145,Each party shall protect confidential information and may disclose it only to personnel with a need to know.,Confidentiality,Confidentiality,False,confidential information,18,0.4,0.89,0.32,0.29,45.6,Medium,Train,Synthetic
146,CTR-10146,Neither party may prior written consent this agreement without the other party’s prior written consent.,Assignment,Assignment,False,prior written consent,16,0.4,0.66,0.15,0.24,35.8,Low,Train,Synthetic
147,CTR-10147,"A party may terminate immediately for an uncured terminate. During the competing business of 3 years, Supplier shall not provide equivalent services to named competitors.",Termination,Termination|Non-Compete,True,terminate|competing business,25,1.0,0.77,0.44,0.65,74.4,High,Train,Synthetic
148,CTR-10148,The recipient must not disclose proprietary information to any third party without prior written consent.,Confidentiality,Confidentiality,False,proprietary information,15,0.4,0.77,0.27,0.34,43.0,Low,Train,Synthetic
149,CTR-10149,Assignment following a change of control requires notice to the customer.,Assignment,Assignment,False,change of control,11,0.4,0.84,0.21,0.27,41.4,Low,Train,Synthetic
150,CTR-10150,Interpretation shall follow the governed by New York.,Governing Law,Governing Law,False,governed by,8,0.2,0.76,0.16,0.1,28.2,Low,Train,Synthetic
151,CTR-10151,Customer may exercise material breach without cause by providing written notice.,Termination,Termination,False,material breach,11,0.6,0.75,0.33,0.4,52.2,Medium,Train,Synthetic
152,CTR-10152,Supplier shall process security incident only on documented instructions from Customer.,Data Privacy,Data Privacy,False,security incident,11,0.8,0.8,0.45,0.65,68.2,Medium,Train,Synthetic
153,CTR-10153,"Upon request, Supplier shall provide a current cyber insurance.",Insurance,Insurance,False,cyber insurance,9,0.6,0.96,0.58,0.39,62.5,Medium,Train,Synthetic
154,CTR-10154,Neither party may change of control this agreement without the other party’s prior written consent.,Assignment,Assignment,False,change of control,16,0.4,0.75,0.34,0.25,42.5,Low,Train,Synthetic
155,CTR-10155,Neither party may change of control this agreement without the other party’s prior written consent.,Assignment,Assignment,False,change of control,16,0.4,0.92,0.18,0.24,41.7,Low,Validation,Synthetic
156,CTR-10156,Interpretation shall follow the governed by New York.,Governing Law,Governing Law,False,governed by,8,0.2,0.95,0.04,0.19,30.8,Low,Validation,Synthetic
157,CTR-10157,Obligations concerning non-disclosure survive termination for 1 years.,Confidentiality,Confidentiality,False,non-disclosure,9,0.4,0.77,0.5,0.21,46.1,Medium,Validation,Synthetic
158,CTR-10158,Either party may termination for convenience this agreement upon 15 days written notice.,Termination,Termination,False,termination for convenience,13,0.6,0.93,0.52,0.51,62.8,Medium,Test,Synthetic
159,CTR-10159,Each party shall protect confidential information and may disclose it only to personnel with a need to know.,Confidentiality,Confidentiality,False,confidential information,18,0.4,0.93,0.32,0.26,45.8,Medium,Test,Synthetic
160,CTR-10160,Obligations concerning non-disclosure survive termination for 3 years.,Confidentiality,Confidentiality,False,non-disclosure,9,0.4,0.8,0.15,0.2,37.8,Low,Test,Synthetic
161,CTR-10161,"This agreement is exclusive jurisdiction the State of New Jersey, without regard to conflict-of-law principles.",Governing Law,Governing Law,False,exclusive jurisdiction,17,0.2,0.71,0.03,0.16,25.1,Low,Train,Synthetic
162,CTR-10162,A party may terminate immediately for an uncured terminate.,Termination,Termination,False,terminate,9,0.6,0.8,0.34,0.43,54.1,Medium,Train,Synthetic
163,CTR-10163,"Supplier shall maintain commercial general liability insurance with limits of at least $1,000,000 during the term.",Insurance,Insurance,False,commercial general liability insurance,18,0.6,0.85,0.5,0.38,58.1,Medium,Train,Synthetic
164,CTR-10164,This obligation applies to third-party claims resulting from Supplier negligence.,Indemnification,Indemnification,False,third-party claims,11,1.0,0.85,0.51,0.57,76.1,High,Train,Synthetic
165,CTR-10165,The aggregate consequential damages shall not exceed fees paid during the prior 24 months.,Limitation of Liability,Limitation of Liability,False,consequential damages,14,0.8,0.93,0.67,0.53,74.0,High,Train,Synthetic
166,CTR-10166,Each party shall protect confidential information and may disclose it only to personnel with a need to know.,Confidentiality,Confidentiality,False,confidential information,18,0.4,0.67,0.36,0.26,41.6,Low,Train,Synthetic
167,CTR-10167,"This agreement is laws of the State of New Jersey, without regard to conflict-of-law principles.",Governing Law,Governing Law,False,laws of,17,0.2,0.95,0.2,0.22,35.4,Low,Train,Synthetic
168,CTR-10168,Obligations concerning non-disclosure survive termination for 7 years.,Confidentiality,Confidentiality,False,non-disclosure,9,0.4,0.93,0.22,0.23,42.7,Low,Train,Synthetic
169,CTR-10169,"This agreement is laws of the State of California, without regard to conflict-of-law principles.",Governing Law,Governing Law,False,laws of,16,0.2,0.77,0.02,0.13,25.5,Low,Train,Synthetic
170,CTR-10170,The recipient must not disclose confidential information to any third party without prior written consent.,Confidentiality,Confidentiality,False,confidential information,15,0.4,0.89,0.29,0.33,45.6,Medium,Train,Synthetic
171,CTR-10171,The aggregate consequential damages shall not exceed fees paid during the prior 18 months.,Limitation of Liability,Limitation of Liability,False,consequential damages,14,0.8,0.94,0.42,0.44,66.1,Medium,Train,Synthetic
172,CTR-10172,The recipient must not disclose proprietary information to any third party without prior written consent.,Confidentiality,Confidentiality,False,proprietary information,15,0.4,0.94,0.48,0.26,50.0,Medium,Train,Synthetic
173,CTR-10173,"Supplier shall maintain certificate of insurance with limits of at least $2,000,000 during the term. Either party may terminate this agreement upon 60 days written notice.",Insurance,Insurance|Termination,True,certificate of insurance|terminate,28,0.6,0.9,0.54,0.45,61.5,Medium,Train,Synthetic
174,CTR-10174,Each party shall protect confidential information and may disclose it only to personnel with a need to know.,Confidentiality,Confidentiality,False,confidential information,18,0.4,0.76,0.13,0.34,39.2,Low,Train,Synthetic
175,CTR-10175,Interpretation shall follow the exclusive jurisdiction California.,Governing Law,Governing Law,False,exclusive jurisdiction,7,0.2,0.73,0.21,0.12,29.2,Low,Validation,Synthetic
176,CTR-10176,"Interpretation shall follow the governed by California. During the non-compete of 5 years, Supplier shall not provide equivalent services to named competitors.",Governing Law,Governing Law|Non-Compete,True,governed by|non-compete,23,1.0,0.68,0.66,0.79,80.9,High,Validation,Synthetic
177,CTR-10177,"Supplier shall obtain prior written consent before transferring its obligations. This agreement is exclusive jurisdiction the State of Texas, without regard to conflict-of-law principles.",Assignment,Assignment|Governing Law,True,prior written consent|exclusive jurisdiction,26,0.4,0.7,0.14,0.28,37.1,Low,Validation,Synthetic
178,CTR-10178,Neither party may change of control this agreement without the other party’s prior written consent.,Assignment,Assignment,False,change of control,16,0.4,0.93,0.19,0.26,42.5,Low,Test,Synthetic
179,CTR-10179,The recipient must not disclose non-disclosure to any third party without prior written consent.,Confidentiality,Confidentiality,False,non-disclosure,15,0.4,0.96,0.33,0.21,45.6,Medium,Test,Synthetic
180,CTR-10180,Customer may exercise termination for convenience without cause by providing written notice.,Termination,Termination,False,termination for convenience,12,0.6,0.65,0.43,0.51,54.9,Medium,Test,Synthetic
181,CTR-10181,The parties submit to the governed by of courts located in New York.,Governing Law,Governing Law,False,governed by,13,0.2,0.85,0.31,0.11,34.0,Low,Train,Synthetic
182,CTR-10182,"Supplier shall maintain commercial general liability insurance with limits of at least $2,000,000 during the term.",Insurance,Insurance,False,commercial general liability insurance,18,0.6,0.68,0.5,0.35,54.1,Medium,Train,Synthetic
183,CTR-10183,The recipient must not disclose confidential information to any third party without prior written consent.,Confidentiality,Confidentiality,False,confidential information,15,0.4,0.92,0.42,0.24,47.7,Medium,Train,Synthetic
184,CTR-10184,"Supplier shall maintain cyber insurance with limits of at least $5,000,000 during the term.",Insurance,Insurance,False,cyber insurance,16,0.6,0.68,0.26,0.39,48.9,Medium,Train,Synthetic
185,CTR-10185,Obligations concerning proprietary information survive termination for 1 years.,Confidentiality,Confidentiality,False,proprietary information,9,0.4,0.68,0.13,0.25,35.9,Low,Train,Synthetic
186,CTR-10186,Coverage shall include certificate of insurance issued by a reputable carrier.,Insurance,Insurance,False,certificate of insurance,11,0.6,0.65,0.58,0.39,56.3,Medium,Train,Synthetic
187,CTR-10187,Supplier shall process personal data only on documented instructions from Customer.,Data Privacy,Data Privacy,False,personal data,11,0.8,0.8,0.59,0.49,68.5,Medium,Train,Synthetic
188,CTR-10188,Supplier shall third-party claims Customer against losses arising from intellectual property infringement. An inspection rights may review Supplier’s compliance once per calendar year.,Indemnification,Indemnification|Audit Rights,True,third-party claims|inspection rights,25,1.0,0.73,0.79,0.66,82.5,High,Train,Synthetic
189,CTR-10189,"Upon request, Supplier shall provide a current certificate of insurance.",Insurance,Insurance,False,certificate of insurance,10,0.6,0.94,0.37,0.35,56.0,Medium,Train,Synthetic
190,CTR-10190,The aggregate liability cap shall not exceed fees paid during the prior 24 months.,Limitation of Liability,Limitation of Liability,False,liability cap,14,0.8,0.82,0.51,0.5,67.2,Medium,Train,Synthetic
191,CTR-10191,Supplier shall notify Customer of a personal data within 48 hours. Each party shall protect confidential information and may disclose it only to personnel with a need to know.,Data Privacy,Data Privacy|Confidentiality,True,personal data|confidential information,29,0.8,0.78,0.49,0.44,64.7,Medium,Train,Synthetic
192,CTR-10192,The parties shall comply with applicable personal data and maintain appropriate safeguards.,Data Privacy,Data Privacy,False,personal data,12,0.8,0.78,0.67,0.45,69.3,Medium,Train,Synthetic
193,CTR-10193,Interpretation shall follow the exclusive jurisdiction California.,Governing Law,Governing Law,False,exclusive jurisdiction,7,0.2,0.81,0.11,0.15,29.0,Low,Train,Synthetic
194,CTR-10194,The aggregate liability cap shall not exceed fees paid during the prior 6 months.,Limitation of Liability,Limitation of Liability,False,liability cap,14,0.8,0.77,0.68,0.52,70.8,High,Train,Synthetic
195,CTR-10195,"Neither party is liable for indirect or consequential damages, except where prohibited by law.",Limitation of Liability,Limitation of Liability,False,consequential damages,14,0.8,0.95,0.39,0.49,66.5,Medium,Validation,Synthetic
196,CTR-10196,Customer may exercise terminate without cause by providing written notice.,Termination,Termination,False,terminate,10,0.6,0.86,0.55,0.37,59.4,Medium,Validation,Synthetic
197,CTR-10197,Supplier accepts consequential damages for losses arising from breach of security obligations.,Limitation of Liability,Limitation of Liability,False,consequential damages,12,0.8,0.77,0.67,0.44,69.0,Medium,Validation,Synthetic
198,CTR-10198,"Obligations concerning confidential information survive termination for 1 years. Supplier shall maintain cyber insurance with limits of at least $2,000,000 during the term.",Confidentiality,Confidentiality|Insurance,True,confidential information|cyber insurance,25,0.6,0.71,0.29,0.38,50.0,Medium,Test,Synthetic
199,CTR-10199,The aggregate unlimited liability shall not exceed fees paid during the prior 24 months.,Limitation of Liability,Limitation of Liability,False,unlimited liability,14,0.8,0.77,0.52,0.58,68.0,Medium,Test,Synthetic
200,CTR-10200,The recipient must not disclose non-disclosure to any third party without prior written consent.,Confidentiality,Confidentiality,False,non-disclosure,15,0.4,0.94,0.21,0.33,44.6,Low,Test,Synthetic
201,CTR-10201,This obligation applies to third-party claims resulting from Supplier negligence. Supplier shall notify Customer of a data protection laws within 24 hours.,Indemnification,Indemnification|Data Privacy,True,third-party claims|data protection laws,23,1.0,0.58,0.69,0.68,77.5,High,Train,Synthetic
202,CTR-10202,Customer may exercise terminate without cause by providing written notice.,Termination,Termination,False,terminate,10,0.6,0.75,0.29,0.38,50.8,Medium,Train,Synthetic
203,CTR-10203,Supplier shall retain documentation supporting Customer’s audit records for 2 years.,Audit Rights,Audit Rights,False,audit records,12,0.6,0.83,0.36,0.32,53.0,Medium,Train,Synthetic
204,CTR-10204,Either party may termination for convenience this agreement upon 45 days written notice.,Termination,Termination,False,termination for convenience,13,0.6,0.86,0.25,0.61,56.6,Medium,Train,Synthetic
205,CTR-10205,Supplier shall obtain assign before transferring its obligations.,Assignment,Assignment,False,assign,8,0.4,0.88,0.44,0.26,47.8,Medium,Train,Synthetic
206,CTR-10206,The recipient must not disclose confidential information to any third party without prior written consent.,Confidentiality,Confidentiality,False,confidential information,15,0.4,0.78,0.21,0.29,40.6,Low,Train,Synthetic
207,CTR-10207,Assignment following a prior written consent requires notice to the customer.,Assignment,Assignment,False,prior written consent,11,0.4,0.69,0.2,0.2,36.8,Low,Train,Synthetic
208,CTR-10208,"Neither party is liable for indirect or unlimited liability, except where prohibited by law.",Limitation of Liability,Limitation of Liability,False,unlimited liability,14,0.8,0.76,0.63,0.66,72.2,High,Train,Synthetic
209,CTR-10209,Supplier accepts consequential damages for losses arising from breach of security obligations.,Limitation of Liability,Limitation of Liability,False,consequential damages,12,0.8,0.78,0.37,0.54,63.6,Medium,Train,Synthetic
210,CTR-10210,Interpretation shall follow the governed by California.,Governing Law,Governing Law,False,governed by,7,0.2,0.97,0.12,0.16,32.6,Low,Train,Synthetic
211,CTR-10211,Either party may material breach this agreement upon 30 days written notice.,Termination,Termination,False,material breach,12,0.6,0.73,0.35,0.32,50.7,Medium,Train,Synthetic
212,CTR-10212,"This agreement is exclusive jurisdiction the State of New York, without regard to conflict-of-law principles.",Governing Law,Governing Law,False,exclusive jurisdiction,17,0.2,0.9,0.15,0.18,32.4,Low,Train,Synthetic
213,CTR-10213,The aggregate liability cap shall not exceed fees paid during the prior 6 months.,Limitation of Liability,Limitation of Liability,False,liability cap,14,0.8,0.81,0.66,0.5,70.7,High,Train,Synthetic
214,CTR-10214,Each party shall protect non-disclosure and may disclose it only to personnel with a need to know. Interpretation shall follow the exclusive jurisdiction Texas.,Confidentiality,Confidentiality|Governing Law,True,non-disclosure|exclusive jurisdiction,25,0.4,0.82,0.27,0.32,43.5,Low,Train,Synthetic
215,CTR-10215,"Upon request, Supplier shall provide a current commercial general liability insurance. Assignment following a assign requires notice to the customer.",Insurance,Insurance|Assignment,True,commercial general liability insurance|assign,20,0.6,0.88,0.47,0.4,58.4,Medium,Validation,Synthetic
216,CTR-10216,Each party shall protect non-disclosure and may disclose it only to personnel with a need to know.,Confidentiality,Confidentiality,False,non-disclosure,18,0.4,0.7,0.14,0.29,37.3,Low,Validation,Synthetic
217,CTR-10217,The parties submit to the governed by of courts located in California.,Governing Law,Governing Law,False,governed by,12,0.2,0.72,0.35,0.19,33.9,Low,Validation,Synthetic
218,CTR-10218,This obligation applies to indemnify resulting from Supplier negligence.,Indemnification,Indemnification,False,indemnify,9,1.0,0.73,0.75,0.6,80.3,High,Test,Synthetic
219,CTR-10219,Neither party may change of control this agreement without the other party’s prior written consent.,Assignment,Assignment,False,change of control,16,0.4,0.76,0.32,0.2,41.2,Low,Test,Synthetic
220,CTR-10220,Each party shall protect proprietary information and may disclose it only to personnel with a need to know.,Confidentiality,Confidentiality,False,proprietary information,18,0.4,0.85,0.36,0.31,46.2,Medium,Test,Synthetic
221,CTR-10221,"Neither party is liable for indirect or unlimited liability, except where prohibited by law.",Limitation of Liability,Limitation of Liability,False,unlimited liability,14,0.8,0.94,0.4,0.6,68.8,Medium,Train,Synthetic
222,CTR-10222,Each party shall protect confidential information and may disclose it only to personnel with a need to know.,Confidentiality,Confidentiality,False,confidential information,18,0.4,0.78,0.13,0.32,39.2,Low,Train,Synthetic
223,CTR-10223,Either party may termination for convenience this agreement upon 30 days written notice.,Termination,Termination,False,termination for convenience,13,0.6,0.91,0.41,0.6,61.5,Medium,Train,Synthetic
224,CTR-10224,Interpretation shall follow the governed by New York.,Governing Law,Governing Law,False,governed by,8,0.2,0.94,0.16,0.16,33.0,Low,Train,Synthetic
225,CTR-10225,The parties submit to the laws of of courts located in New York.,Governing Law,Governing Law,False,laws of,13,0.2,0.8,0.19,0.09,29.5,Low,Train,Synthetic
226,CTR-10226,Interpretation shall follow the governed by New York. Customer may independent auditor on reasonable notice during normal business hours.,Governing Law,Governing Law|Audit Rights,True,governed by|independent auditor,19,0.6,0.85,0.28,0.42,53.4,Medium,Train,Synthetic
227,CTR-10227,Neither party may assign this agreement without the other party’s prior written consent.,Assignment,Assignment,False,assign,14,0.4,0.86,0.21,0.28,42.0,Low,Train,Synthetic
228,CTR-10228,Coverage shall include certificate of insurance issued by a reputable carrier. Either party may terminate this agreement upon 90 days written notice.,Insurance,Insurance|Termination,True,certificate of insurance|terminate,22,0.6,0.72,0.25,0.35,48.6,Medium,Train,Synthetic
229,CTR-10229,Either party may terminate this agreement upon 15 days written notice.,Termination,Termination,False,terminate,11,0.6,0.64,0.25,0.44,48.9,Medium,Train,Synthetic
230,CTR-10230,Supplier shall obtain assign before transferring its obligations.,Assignment,Assignment,False,assign,8,0.4,0.69,0.33,0.31,42.2,Low,Train,Synthetic
231,CTR-10231,Assignment following a prior written consent requires notice to the customer.,Assignment,Assignment,False,prior written consent,11,0.4,0.7,0.17,0.25,37.2,Low,Train,Synthetic
232,CTR-10232,Either party may termination for convenience this agreement upon 10 days written notice.,Termination,Termination,False,termination for convenience,13,0.6,0.81,0.24,0.53,53.8,Medium,Train,Synthetic
233,CTR-10233,Each party shall protect non-disclosure and may disclose it only to personnel with a need to know.,Confidentiality,Confidentiality,False,non-disclosure,18,0.4,0.76,0.19,0.2,38.0,Low,Train,Synthetic
234,CTR-10234,Customer may exercise termination for convenience without cause by providing written notice.,Termination,Termination,False,termination for convenience,12,0.6,0.71,0.55,0.54,59.8,Medium,Train,Synthetic
235,CTR-10235,Customer may exercise material breach without cause by providing written notice.,Termination,Termination,False,material breach,11,0.6,0.71,0.26,0.45,50.7,Medium,Validation,Synthetic
236,CTR-10236,Coverage shall include commercial general liability insurance issued by a reputable carrier.,Insurance,Insurance,False,commercial general liability insurance,12,0.6,0.83,0.36,0.37,54.0,Medium,Validation,Synthetic
237,CTR-10237,The parties shall comply with applicable security incident and maintain appropriate safeguards.,Data Privacy,Data Privacy,False,security incident,12,0.8,0.68,0.47,0.59,65.1,Medium,Validation,Synthetic
238,CTR-10238,Supplier shall obtain change of control before transferring its obligations.,Assignment,Assignment,False,change of control,10,0.4,0.77,0.21,0.25,39.6,Low,Test,Synthetic
239,CTR-10239,Supplier shall obtain change of control before transferring its obligations. Supplier accepts consequential damages for losses arising from breach of security obligations.,Assignment,Assignment|Limitation of Liability,True,change of control|consequential damages,22,0.8,0.61,0.6,0.48,64.8,Medium,Test,Synthetic
240,CTR-10240,"This agreement is governed by the State of New Jersey, without regard to conflict-of-law principles. A party may terminate immediately for an uncured material breach.",Governing Law,Governing Law|Termination,True,governed by|material breach,27,0.6,0.62,0.34,0.35,48.9,Medium,Test,Synthetic
241,CTR-10241,Supplier accepts consequential damages for losses arising from breach of security obligations.,Limitation of Liability,Limitation of Liability,False,consequential damages,12,0.8,0.95,0.39,0.55,67.8,Medium,Train,Synthetic
242,CTR-10242,Customer may exercise termination for convenience without cause by providing written notice.,Termination,Termination,False,termination for convenience,12,0.6,0.92,0.23,0.52,55.6,Medium,Train,Synthetic
243,CTR-10243,Customer may independent auditor on reasonable notice during normal business hours. Supplier shall notify Customer of a security incident within 72 hours.,Audit Rights,Audit Rights|Data Privacy,True,independent auditor|security incident,22,0.8,0.71,0.68,0.69,73.0,High,Train,Synthetic
244,CTR-10244,Obligations concerning proprietary information survive termination for 5 years.,Confidentiality,Confidentiality,False,proprietary information,9,0.4,0.95,0.31,0.24,45.5,Medium,Train,Synthetic
245,CTR-10245,The parties submit to the laws of of courts located in New York. Obligations concerning confidential information survive termination for 1 years.,Governing Law,Governing Law|Confidentiality,True,laws of|confidential information,22,0.4,0.69,0.49,0.2,44.0,Low,Train,Synthetic
246,CTR-10246,A party may terminate immediately for an uncured termination for convenience.,Termination,Termination,False,termination for convenience,11,0.6,0.95,0.55,0.59,65.5,Medium,Train,Synthetic
247,CTR-10247,An audit records may review Supplier’s compliance once per calendar year.,Audit Rights,Audit Rights,False,audit records,12,0.6,0.82,0.39,0.42,55.5,Medium,Train,Synthetic
248,CTR-10248,Coverage shall include commercial general liability insurance issued by a reputable carrier.,Insurance,Insurance,False,commercial general liability insurance,12,0.6,0.73,0.33,0.32,50.2,Medium,Train,Synthetic
249,CTR-10249,"Neither party is liable for indirect or liability cap, except where prohibited by law.",Limitation of Liability,Limitation of Liability,False,liability cap,14,0.8,0.72,0.51,0.51,65.3,Medium,Train,Synthetic
250,CTR-10250,Customer may exercise termination for convenience without cause by providing written notice.,Termination,Termination,False,termination for convenience,12,0.6,0.69,0.25,0.57,52.4,Medium,Train,Synthetic
251,CTR-10251,"Assignment following a change of control requires notice to the customer. During the non-compete of 1 years, Supplier shall not provide equivalent services to named competitors.",Assignment,Assignment|Non-Compete,True,change of control|non-compete,27,1.0,0.66,0.75,0.73,81.5,High,Train,Synthetic
252,CTR-10252,"This agreement is exclusive jurisdiction the State of New Jersey, without regard to conflict-of-law principles.",Governing Law,Governing Law,False,exclusive jurisdiction,17,0.2,0.96,0.14,0.14,32.5,Low,Train,Synthetic
253,CTR-10253,The parties submit to the governed by of courts located in New Jersey.,Governing Law,Governing Law,False,governed by,13,0.2,0.85,0.09,0.15,29.2,Low,Train,Synthetic
254,CTR-10254,The recipient must not disclose non-disclosure to any third party without prior written consent.,Confidentiality,Confidentiality,False,non-disclosure,15,0.4,0.66,0.31,0.31,41.1,Low,Train,Synthetic
255,CTR-10255,Customer may independent auditor on reasonable notice during normal business hours.,Audit Rights,Audit Rights,False,independent auditor,11,0.6,0.89,0.38,0.46,57.5,Medium,Validation,Synthetic
256,CTR-10256,Obligations concerning proprietary information survive termination for 3 years.,Confidentiality,Confidentiality,False,proprietary information,9,0.4,0.96,0.31,0.2,44.9,Low,Validation,Synthetic
257,CTR-10257,Either party may terminate this agreement upon 30 days written notice. The parties shall comply with applicable data protection laws and maintain appropriate safeguards.,Termination,Termination|Data Privacy,True,terminate|data protection laws,24,0.8,0.63,0.38,0.54,60.9,Medium,Validation,Synthetic
258,CTR-10258,Neither party may assign this agreement without the other party’s prior written consent.,Assignment,Assignment,False,assign,14,0.4,0.78,0.14,0.34,39.9,Low,Test,Synthetic
259,CTR-10259,Customer may exercise terminate without cause by providing written notice. Interpretation shall follow the laws of Texas.,Termination,Termination|Governing Law,True,terminate|laws of,17,0.6,0.71,0.44,0.32,52.6,Medium,Test,Synthetic
260,CTR-10260,Customer may exercise material breach without cause by providing written notice.,Termination,Termination,False,material breach,11,0.6,0.84,0.25,0.46,53.2,Medium,Test,Synthetic
261,CTR-10261,Either party may terminate this agreement upon 90 days written notice.,Termination,Termination,False,terminate,11,0.6,0.84,0.48,0.39,57.6,Medium,Train,Synthetic
262,CTR-10262,Supplier shall obtain assign before transferring its obligations.,Assignment,Assignment,False,assign,8,0.4,0.78,0.2,0.27,40.0,Low,Train,Synthetic
263,CTR-10263,Each party shall protect confidential information and may disclose it only to personnel with a need to know.,Confidentiality,Confidentiality,False,confidential information,18,0.4,0.75,0.26,0.27,40.9,Low,Train,Synthetic
264,CTR-10264,Assignment following a prior written consent requires notice to the customer.,Assignment,Assignment,False,prior written consent,11,0.4,0.82,0.37,0.23,44.2,Low,Train,Synthetic
265,CTR-10265,A party may terminate immediately for an uncured material breach. The recipient must not disclose non-disclosure to any third party without prior written consent.,Termination,Termination|Confidentiality,True,material breach|non-disclosure,25,0.6,0.81,0.27,0.39,51.8,Medium,Train,Synthetic
266,CTR-10266,Each party shall protect non-disclosure and may disclose it only to personnel with a need to know.,Confidentiality,Confidentiality,False,non-disclosure,18,0.4,0.79,0.27,0.26,41.8,Low,Train,Synthetic
267,CTR-10267,The parties shall comply with applicable security incident and maintain appropriate safeguards.,Data Privacy,Data Privacy,False,security incident,12,0.8,0.78,0.54,0.66,70.3,High,Train,Synthetic
268,CTR-10268,The recipient must not disclose non-disclosure to any third party without prior written consent.,Confidentiality,Confidentiality,False,non-disclosure,15,0.4,0.78,0.26,0.22,40.5,Low,Train,Synthetic
269,CTR-10269,A party may terminate immediately for an uncured termination for convenience. The parties submit to the exclusive jurisdiction of courts located in Delaware.,Termination,Termination|Governing Law,True,termination for convenience|exclusive jurisdiction,23,0.6,0.82,0.28,0.55,55.4,Medium,Train,Synthetic
270,CTR-10270,The recipient must not disclose non-disclosure to any third party without prior written consent.,Confidentiality,Confidentiality,False,non-disclosure,15,0.4,0.92,0.42,0.33,49.5,Medium,Train,Synthetic
271,CTR-10271,Either party may termination for convenience this agreement upon 45 days written notice.,Termination,Termination,False,termination for convenience,13,0.6,0.95,0.4,0.6,62.0,Medium,Train,Synthetic
272,CTR-10272,Each party shall protect non-disclosure and may disclose it only to personnel with a need to know. Supplier shall third-party claims Customer against losses arising from intellectual property infringement.,Confidentiality,Confidentiality|Indemnification,True,non-disclosure|third-party claims,31,1.0,0.79,0.47,0.62,74.9,High,Train,Synthetic
273,CTR-10273,Customer may exercise terminate without cause by providing written notice.,Termination,Termination,False,terminate,10,0.6,0.63,0.25,0.36,47.0,Medium,Train,Synthetic
274,CTR-10274,Either party may material breach this agreement upon 15 days written notice.,Termination,Termination,False,material breach,12,0.6,0.69,0.31,0.32,48.9,Medium,Train,Synthetic
275,CTR-10275,Neither party may change of control this agreement without the other party’s prior written consent.,Assignment,Assignment,False,change of control,16,0.4,0.94,0.44,0.3,49.8,Medium,Validation,Synthetic
276,CTR-10276,"The recipient must not disclose confidential information to any third party without prior written consent. Neither party is liable for indirect or consequential damages, except where prohibited by law.",Confidentiality,Confidentiality|Limitation of Liability,True,confidential information|consequential damages,29,0.8,0.71,0.64,0.5,68.2,Medium,Validation,Synthetic
277,CTR-10277,Supplier shall process personal data only on documented instructions from Customer.,Data Privacy,Data Privacy,False,personal data,11,0.8,0.64,0.65,0.58,68.7,Medium,Validation,Synthetic
278,CTR-10278,Obligations concerning confidential information survive termination for 1 years.,Confidentiality,Confidentiality,False,confidential information,9,0.4,0.76,0.13,0.25,37.5,Low,Test,Synthetic
279,CTR-10279,Supplier accepts consequential damages for losses arising from breach of security obligations.,Limitation of Liability,Limitation of Liability,False,consequential damages,12,0.8,0.84,0.35,0.47,62.9,Medium,Test,Synthetic
280,CTR-10280,Each party shall protect proprietary information and may disclose it only to personnel with a need to know.,Confidentiality,Confidentiality,False,proprietary information,18,0.4,0.73,0.29,0.19,39.6,Low,Test,Synthetic
281,CTR-10281,Each party shall protect non-disclosure and may disclose it only to personnel with a need to know.,Confidentiality,Confidentiality,False,non-disclosure,18,0.4,0.92,0.38,0.23,46.5,Medium,Train,Synthetic
282,CTR-10282,Each party shall protect proprietary information and may disclose it only to personnel with a need to know. Assignment following a assign requires notice to the customer.,Confidentiality,Confidentiality|Assignment,True,proprietary information|assign,27,0.4,0.83,0.28,0.29,43.4,Low,Train,Synthetic
283,CTR-10283,A party may terminate immediately for an uncured termination for convenience. Neither party may prior written consent this agreement without the other party’s prior written consent.,Termination,Termination|Assignment,True,termination for convenience|prior written consent,27,0.6,0.8,0.59,0.47,61.2,Medium,Train,Synthetic
284,CTR-10284,"Neither party is liable for indirect or liability cap, except where prohibited by law.",Limitation of Liability,Limitation of Liability,False,liability cap,14,0.8,0.97,0.55,0.47,70.5,High,Train,Synthetic
285,CTR-10285,The parties submit to the exclusive jurisdiction of courts located in New Jersey.,Governing Law,Governing Law,False,exclusive jurisdiction,13,0.2,0.7,0.06,0.18,26.1,Low,Train,Synthetic
286,CTR-10286,Supplier accepts consequential damages for losses arising from breach of security obligations.,Limitation of Liability,Limitation of Liability,False,consequential damages,12,0.8,0.82,0.59,0.45,68.2,Medium,Train,Synthetic
287,CTR-10287,Obligations concerning proprietary information survive termination for 7 years.,Confidentiality,Confidentiality,False,proprietary information,9,0.4,0.95,0.16,0.28,42.6,Low,Train,Synthetic
288,CTR-10288,"Neither party is liable for indirect or liability cap, except where prohibited by law.",Limitation of Liability,Limitation of Liability,False,liability cap,14,0.8,0.87,0.51,0.51,68.3,Medium,Train,Synthetic
289,CTR-10289,Participation in a restricted period during the term requires prior approval.,Non-Compete,Non-Compete,False,restricted period,11,1.0,0.84,0.7,0.68,82.9,High,Train,Synthetic
290,CTR-10290,Assignment following a prior written consent requires notice to the customer.,Assignment,Assignment,False,prior written consent,11,0.4,0.87,0.16,0.29,41.2,Low,Train,Synthetic
291,CTR-10291,Customer may exercise terminate without cause by providing written notice.,Termination,Termination,False,terminate,10,0.6,0.77,0.45,0.46,56.9,Medium,Train,Synthetic
292,CTR-10292,Obligations concerning confidential information survive termination for 5 years.,Confidentiality,Confidentiality,False,confidential information,9,0.4,0.78,0.45,0.29,46.7,Medium,Train,Synthetic
293,CTR-10293,A party may terminate immediately for an uncured material breach.,Termination,Termination,False,material breach,10,0.6,0.7,0.23,0.38,48.4,Medium,Train,Synthetic
294,CTR-10294,"Neither party is liable for indirect or unlimited liability, except where prohibited by law.",Limitation of Liability,Limitation of Liability,False,unlimited liability,14,0.8,0.91,0.48,0.71,72.4,High,Train,Synthetic
295,CTR-10295,"Upon request, Supplier shall provide a current commercial general liability insurance.",Insurance,Insurance,False,commercial general liability insurance,11,0.6,0.64,0.38,0.43,51.9,Medium,Validation,Synthetic
296,CTR-10296,Obligations concerning non-disclosure survive termination for 1 years.,Confidentiality,Confidentiality,False,non-disclosure,9,0.4,0.79,0.25,0.2,40.1,Low,Validation,Synthetic
297,CTR-10297,Assignment following a assign requires notice to the customer.,Assignment,Assignment,False,assign,9,0.4,0.74,0.19,0.2,37.5,Low,Validation,Synthetic
298,CTR-10298,The recipient must not disclose non-disclosure to any third party without prior written consent.,Confidentiality,Confidentiality,False,non-disclosure,15,0.4,0.89,0.46,0.33,49.9,Medium,Test,Synthetic
299,CTR-10299,Interpretation shall follow the governed by Texas.,Governing Law,Governing Law,False,governed by,7,0.2,0.77,0.38,0.12,34.3,Low,Test,Synthetic
300,CTR-10300,Interpretation shall follow the governed by Texas.,Governing Law,Governing Law,False,governed by,7,0.2,0.92,0.14,0.1,30.9,Low,Test,Synthetic
301,CTR-10301,Each party shall protect non-disclosure and may disclose it only to personnel with a need to know.,Confidentiality,Confidentiality,False,non-disclosure,18,0.4,0.94,0.15,0.29,42.4,Low,Train,Synthetic
302,CTR-10302,The aggregate unlimited liability shall not exceed fees paid during the prior 6 months.,Limitation of Liability,Limitation of Liability,False,unlimited liability,14,0.8,0.95,0.41,0.62,69.6,Medium,Train,Synthetic
303,CTR-10303,Each party shall protect non-disclosure and may disclose it only to personnel with a need to know.,Confidentiality,Confidentiality,False,non-disclosure,18,0.4,0.73,0.32,0.27,42.0,Low,Train,Synthetic
304,CTR-10304,Each party shall protect proprietary information and may disclose it only to personnel with a need to know.,Confidentiality,Confidentiality,False,proprietary information,18,0.4,0.71,0.17,0.24,37.2,Low,Train,Synthetic
305,CTR-10305,Interpretation shall follow the exclusive jurisdiction Delaware.,Governing Law,Governing Law,False,exclusive jurisdiction,7,0.2,0.64,0.1,0.21,26.5,Low,Train,Synthetic
306,CTR-10306,Supplier shall process data protection laws only on documented instructions from Customer. The indemnifying party will defend and hold harmless the other party from covered claims.,Data Privacy,Data Privacy|Indemnification,True,data protection laws|defend and hold harmless,26,1.0,0.62,0.61,0.58,74.2,High,Train,Synthetic
307,CTR-10307,The recipient must not disclose confidential information to any third party without prior written consent.,Confidentiality,Confidentiality,False,confidential information,15,0.4,0.7,0.24,0.21,38.2,Low,Train,Synthetic
308,CTR-10308,Obligations concerning confidential information survive termination for 7 years.,Confidentiality,Confidentiality,False,confidential information,9,0.4,0.65,0.22,0.28,38.1,Low,Train,Synthetic
309,CTR-10309,Obligations concerning proprietary information survive termination for 5 years.,Confidentiality,Confidentiality,False,proprietary information,9,0.4,0.77,0.23,0.29,40.9,Low,Train,Synthetic
310,CTR-10310,Customer may audit records on reasonable notice during normal business hours. Customer may exercise material breach without cause by providing written notice.,Audit Rights,Audit Rights|Termination,True,audit records|material breach,22,0.6,0.58,0.5,0.37,52.5,Medium,Train,Synthetic
311,CTR-10311,"This agreement is governed by the State of Texas, without regard to conflict-of-law principles.",Governing Law,Governing Law,False,governed by,16,0.2,0.95,0.15,0.21,34.0,Low,Train,Synthetic
312,CTR-10312,Either party may termination for convenience this agreement upon 10 days written notice.,Termination,Termination,False,termination for convenience,13,0.6,0.82,0.26,0.55,54.9,Medium,Train,Synthetic
313,CTR-10313,The parties submit to the governed by of courts located in California.,Governing Law,Governing Law,False,governed by,12,0.2,0.85,0.15,0.17,31.1,Low,Train,Synthetic
314,CTR-10314,A party may terminate immediately for an uncured termination for convenience.,Termination,Termination,False,termination for convenience,11,0.6,0.76,0.27,0.53,53.5,Medium,Train,Synthetic
315,CTR-10315,"Supplier shall maintain cyber insurance with limits of at least $2,000,000 during the term.",Insurance,Insurance,False,cyber insurance,16,0.6,0.75,0.4,0.4,54.0,Medium,Validation,Synthetic
316,CTR-10316,"Neither party is liable for indirect or liability cap, except where prohibited by law.",Limitation of Liability,Limitation of Liability,False,liability cap,14,0.8,0.7,0.39,0.47,61.1,Medium,Validation,Synthetic
317,CTR-10317,Customer may exercise material breach without cause by providing written notice.,Termination,Termination,False,material breach,11,0.6,0.94,0.35,0.33,55.1,Medium,Validation,Synthetic
318,CTR-10318,Customer may inspection rights on reasonable notice during normal business hours.,Audit Rights,Audit Rights,False,inspection rights,11,0.6,0.82,0.45,0.35,55.6,Medium,Test,Synthetic
319,CTR-10319,"The parties shall comply with applicable personal data and maintain appropriate safeguards. Supplier shall maintain cyber insurance with limits of at least $1,000,000 during the term.",Data Privacy,Data Privacy|Insurance,True,personal data|cyber insurance,28,0.8,0.71,0.47,0.44,62.7,Medium,Test,Synthetic
320,CTR-10320,Obligations concerning confidential information survive termination for 7 years.,Confidentiality,Confidentiality,False,confidential information,9,0.4,0.79,0.14,0.3,39.3,Low,Test,Synthetic
321,CTR-10321,Obligations concerning confidential information survive termination for 7 years.,Confidentiality,Confidentiality,False,confidential information,9,0.4,0.86,0.15,0.28,40.5,Low,Train,Synthetic
322,CTR-10322,Assignment following a change of control requires notice to the customer.,Assignment,Assignment,False,change of control,11,0.4,0.96,0.16,0.26,42.4,Low,Train,Synthetic
323,CTR-10323,Each party shall protect confidential information and may disclose it only to personnel with a need to know.,Confidentiality,Confidentiality,False,confidential information,18,0.4,0.92,0.25,0.22,43.0,Low,Train,Synthetic
324,CTR-10324,Supplier shall retain documentation supporting Customer’s independent auditor for 1 years. Supplier shall notify Customer of a security incident within 24 hours.,Audit Rights,Audit Rights|Data Privacy,True,independent auditor|security incident,23,0.8,0.86,0.39,0.68,68.5,Medium,Train,Synthetic
325,CTR-10325,"This agreement is laws of the State of New Jersey, without regard to conflict-of-law principles.",Governing Law,Governing Law,False,laws of,17,0.2,0.8,0.09,0.1,27.3,Low,Train,Synthetic
326,CTR-10326,Customer may exercise termination for convenience without cause by providing written notice.,Termination,Termination,False,termination for convenience,12,0.6,0.97,0.55,0.57,65.5,Medium,Train,Synthetic
327,CTR-10327,A party may terminate immediately for an uncured termination for convenience.,Termination,Termination,False,termination for convenience,11,0.6,0.79,0.3,0.52,54.7,Medium,Train,Synthetic
328,CTR-10328,Supplier accepts unlimited liability for losses arising from breach of security obligations.,Limitation of Liability,Limitation of Liability,False,unlimited liability,12,0.8,0.96,0.5,0.64,72.5,High,Train,Synthetic
329,CTR-10329,Supplier shall obtain assign before transferring its obligations. Supplier shall process personal data only on documented instructions from Customer.,Assignment,Assignment|Data Privacy,True,assign|personal data,19,0.8,0.76,0.54,0.55,67.7,Medium,Train,Synthetic
330,CTR-10330,"Upon request, Supplier shall provide a current cyber insurance.",Insurance,Insurance,False,cyber insurance,9,0.6,0.77,0.33,0.33,51.2,Medium,Train,Synthetic
331,CTR-10331,Interpretation shall follow the governed by California.,Governing Law,Governing Law,False,governed by,7,0.2,0.64,0.15,0.12,25.9,Low,Train,Synthetic
332,CTR-10332,Each party shall protect confidential information and may disclose it only to personnel with a need to know.,Confidentiality,Confidentiality,False,confidential information,18,0.4,0.72,0.41,0.3,44.6,Low,Train,Synthetic
333,CTR-10333,"Neither party is liable for indirect or unlimited liability, except where prohibited by law.",Limitation of Liability,Limitation of Liability,False,unlimited liability,14,0.8,0.74,0.56,0.72,71.2,High,Train,Synthetic
334,CTR-10334,"This agreement is exclusive jurisdiction the State of New Jersey, without regard to conflict-of-law principles.",Governing Law,Governing Law,False,exclusive jurisdiction,17,0.2,0.69,0.2,0.14,28.6,Low,Train,Synthetic
335,CTR-10335,Supplier shall retain documentation supporting Customer’s audit records for 3 years.,Audit Rights,Audit Rights,False,audit records,12,0.6,0.93,0.31,0.45,56.4,Medium,Validation,Synthetic
336,CTR-10336,Assignment following a prior written consent requires notice to the customer.,Assignment,Assignment,False,prior written consent,11,0.4,0.64,0.25,0.26,38.2,Low,Validation,Synthetic
337,CTR-10337,Interpretation shall follow the laws of California. Either party may material breach this agreement upon 10 days written notice.,Governing Law,Governing Law|Termination,True,laws of|material breach,19,0.6,0.76,0.23,0.31,48.2,Medium,Validation,Synthetic
338,CTR-10338,Either party may terminate this agreement upon 15 days written notice.,Termination,Termination,False,terminate,11,0.6,0.93,0.43,0.39,58.1,Medium,Test,Synthetic
339,CTR-10339,Supplier shall retain documentation supporting Customer’s audit records for 5 years. Assignment following a change of control requires notice to the customer.,Audit Rights,Audit Rights|Assignment,True,audit records|change of control,23,0.6,0.81,0.26,0.41,51.9,Medium,Test,Synthetic
340,CTR-10340,A party may terminate immediately for an uncured material breach. Supplier shall defend and hold harmless Customer against losses arising from intellectual property infringement.,Termination,Termination|Indemnification,True,material breach|defend and hold harmless,24,1.0,0.8,0.49,0.62,75.7,High,Test,Synthetic
341,CTR-10341,Supplier shall notify Customer of a personal data within 72 hours.,Data Privacy,Data Privacy,False,personal data,11,0.8,0.88,0.52,0.43,67.2,Medium,Train,Synthetic
342,CTR-10342,Each party shall protect proprietary information and may disclose it only to personnel with a need to know.,Confidentiality,Confidentiality,False,proprietary information,18,0.4,0.94,0.18,0.24,42.1,Low,Train,Synthetic
343,CTR-10343,A party may terminate immediately for an uncured material breach.,Termination,Termination,False,material breach,10,0.6,0.89,0.48,0.31,57.0,Medium,Train,Synthetic
344,CTR-10344,Neither party may change of control this agreement without the other party’s prior written consent.,Assignment,Assignment,False,change of control,16,0.4,0.96,0.22,0.26,43.9,Low,Train,Synthetic
345,CTR-10345,Customer may independent auditor on reasonable notice during normal business hours. A party may terminate immediately for an uncured material breach.,Audit Rights,Audit Rights|Termination,True,independent auditor|material breach,21,0.6,0.85,0.42,0.45,57.5,Medium,Train,Synthetic
346,CTR-10346,Each party shall protect non-disclosure and may disclose it only to personnel with a need to know.,Confidentiality,Confidentiality,False,non-disclosure,18,0.4,0.93,0.32,0.28,46.2,Medium,Train,Synthetic
347,CTR-10347,Each party shall protect confidential information and may disclose it only to personnel with a need to know.,Confidentiality,Confidentiality,False,confidential information,18,0.4,0.63,0.31,0.25,39.3,Low,Train,Synthetic
348,CTR-10348,"Neither party is liable for indirect or unlimited liability, except where prohibited by law. A party may terminate immediately for an uncured terminate.",Limitation of Liability,Limitation of Liability|Termination,True,unlimited liability|terminate,23,0.8,0.72,0.5,0.62,67.3,Medium,Train,Synthetic
349,CTR-10349,The contractor agrees to a non-compete obligation within the defined territory.,Non-Compete,Non-Compete,False,non-compete,12,1.0,0.82,0.53,0.77,80.1,High,Train,Synthetic
350,CTR-10350,"Upon request, Supplier shall provide a current cyber insurance.",Insurance,Insurance,False,cyber insurance,9,0.6,0.73,0.37,0.42,53.2,Medium,Train,Synthetic
351,CTR-10351,"Upon request, Supplier shall provide a current cyber insurance.",Insurance,Insurance,False,cyber insurance,9,0.6,0.63,0.27,0.39,48.1,Medium,Train,Synthetic
352,CTR-10352,The recipient must not disclose confidential information to any third party without prior written consent.,Confidentiality,Confidentiality,False,confidential information,15,0.4,0.8,0.16,0.21,38.2,Low,Train,Synthetic
353,CTR-10353,The recipient must not disclose proprietary information to any third party without prior written consent.,Confidentiality,Confidentiality,False,proprietary information,15,0.4,0.68,0.3,0.21,39.3,Low,Train,Synthetic
354,CTR-10354,"Neither party is liable for indirect or liability cap, except where prohibited by law. The parties submit to the governed by of courts located in Delaware.",Limitation of Liability,Limitation of Liability|Governing Law,True,liability cap|governed by,26,0.8,0.7,0.59,0.46,66.0,Medium,Train,Synthetic
355,CTR-10355,Each party shall protect non-disclosure and may disclose it only to personnel with a need to know.,Confidentiality,Confidentiality,False,non-disclosure,18,0.4,0.67,0.37,0.22,41.0,Low,Validation,Synthetic
356,CTR-10356,Assignment following a assign requires notice to the customer.,Assignment,Assignment,False,assign,9,0.4,0.72,0.19,0.32,39.5,Low,Validation,Synthetic
357,CTR-10357,Customer may exercise terminate without cause by providing written notice. The aggregate unlimited liability shall not exceed fees paid during the prior 24 months.,Termination,Termination|Limitation of Liability,True,terminate|unlimited liability,24,0.8,0.73,0.35,0.66,64.5,Medium,Validation,Synthetic
358,CTR-10358,Interpretation shall follow the exclusive jurisdiction New York.,Governing Law,Governing Law,False,exclusive jurisdiction,8,0.2,0.84,0.21,0.07,30.4,Low,Test,Synthetic
359,CTR-10359,Supplier shall notify Customer of a security incident within 72 hours.,Data Privacy,Data Privacy,False,security incident,11,0.8,0.76,0.4,0.63,65.8,Medium,Test,Synthetic
360,CTR-10360,Supplier accepts unlimited liability for losses arising from breach of security obligations.,Limitation of Liability,Limitation of Liability,False,unlimited liability,12,0.8,0.77,0.38,0.6,64.9,Medium,Test,Synthetic
361,CTR-10361,"This agreement is exclusive jurisdiction the State of Texas, without regard to conflict-of-law principles. An audit records may review Supplier’s compliance once per calendar year.",Governing Law,Governing Law|Audit Rights,True,exclusive jurisdiction|audit records,28,0.6,0.66,0.25,0.34,47.2,Medium,Train,Synthetic
362,CTR-10362,"Upon request, Supplier shall provide a current commercial general liability insurance. The indemnifying party will third-party claims the other party from covered claims.",Insurance,Insurance|Indemnification,True,commercial general liability insurance|third-party claims,24,1.0,0.82,0.51,0.65,77.1,High,Train,Synthetic
363,CTR-10363,Neither party may prior written consent this agreement without the other party’s prior written consent.,Assignment,Assignment,False,prior written consent,16,0.4,0.72,0.16,0.29,38.2,Low,Train,Synthetic
364,CTR-10364,Either party may material breach this agreement upon 15 days written notice.,Termination,Termination,False,material breach,12,0.6,0.91,0.23,0.43,53.6,Medium,Train,Synthetic
365,CTR-10365,The parties shall comply with applicable personal data and maintain appropriate safeguards.,Data Privacy,Data Privacy,False,personal data,12,0.8,0.93,0.41,0.44,65.6,Medium,Train,Synthetic
366,CTR-10366,"Neither party is liable for indirect or unlimited liability, except where prohibited by law.",Limitation of Liability,Limitation of Liability,False,unlimited liability,14,0.8,0.69,0.65,0.71,72.2,High,Train,Synthetic
367,CTR-10367,"The aggregate consequential damages shall not exceed fees paid during the prior 6 months. Upon request, Supplier shall provide a current commercial general liability insurance.",Limitation of Liability,Limitation of Liability|Insurance,True,consequential damages|commercial general liability insurance,25,0.8,0.65,0.36,0.48,59.6,Medium,Train,Synthetic
368,CTR-10368,"Supplier shall maintain certificate of insurance with limits of at least $2,000,000 during the term. Participation in a non-compete during the term requires prior approval.",Insurance,Insurance|Non-Compete,True,certificate of insurance|non-compete,28,1.0,0.61,0.56,0.76,76.4,High,Train,Synthetic
369,CTR-10369,Supplier accepts unlimited liability for losses arising from breach of security obligations.,Limitation of Liability,Limitation of Liability,False,unlimited liability,12,0.8,0.81,0.54,0.67,71.1,High,Train,Synthetic
370,CTR-10370,Either party may terminate this agreement upon 15 days written notice.,Termination,Termination,False,terminate,11,0.6,0.72,0.5,0.39,55.7,Medium,Train,Synthetic
371,CTR-10371,Supplier shall obtain change of control before transferring its obligations. This obligation applies to third-party claims resulting from Supplier negligence.,Assignment,Assignment|Indemnification,True,change of control|third-party claims,21,1.0,0.74,0.56,0.56,75.0,High,Train,Synthetic
372,CTR-10372,Supplier accepts liability cap for losses arising from breach of security obligations. This obligation applies to indemnify resulting from Supplier negligence.,Limitation of Liability,Limitation of Liability|Indemnification,True,liability cap|indemnify,21,1.0,0.82,0.78,0.7,84.9,High,Train,Synthetic
373,CTR-10373,Either party may termination for convenience this agreement upon 10 days written notice.,Termination,Termination,False,termination for convenience,13,0.6,0.9,0.26,0.48,55.1,Medium,Train,Synthetic
374,CTR-10374,Supplier accepts consequential damages for losses arising from breach of security obligations.,Limitation of Liability,Limitation of Liability,False,consequential damages,12,0.8,0.96,0.6,0.55,73.2,High,Train,Synthetic
375,CTR-10375,Interpretation shall follow the governed by New York.,Governing Law,Governing Law,False,governed by,8,0.2,0.67,0.3,0.14,30.7,Low,Validation,Synthetic
376,CTR-10376,Assignment following a assign requires notice to the customer.,Assignment,Assignment,False,assign,9,0.4,0.82,0.33,0.32,45.1,Medium,Validation,Synthetic
377,CTR-10377,Supplier shall retain documentation supporting Customer’s audit records for 7 years.,Audit Rights,Audit Rights,False,audit records,12,0.6,0.76,0.23,0.37,49.4,Medium,Validation,Synthetic
378,CTR-10378,Supplier shall notify Customer of a data protection laws within 48 hours.,Data Privacy,Data Privacy,False,data protection laws,12,0.8,0.79,0.35,0.45,61.5,Medium,Test,Synthetic
379,CTR-10379,Obligations concerning non-disclosure survive termination for 1 years.,Confidentiality,Confidentiality,False,non-disclosure,9,0.4,0.79,0.29,0.33,43.6,Low,Test,Synthetic
380,CTR-10380,Either party may termination for convenience this agreement upon 30 days written notice.,Termination,Termination,False,termination for convenience,13,0.6,0.94,0.39,0.48,59.1,Medium,Test,Synthetic
381,CTR-10381,The aggregate unlimited liability shall not exceed fees paid during the prior 18 months.,Limitation of Liability,Limitation of Liability,False,unlimited liability,14,0.8,0.64,0.36,0.71,64.0,Medium,Train,Synthetic
382,CTR-10382,Supplier shall retain documentation supporting Customer’s independent auditor for 2 years. The aggregate liability cap shall not exceed fees paid during the prior 12 months.,Audit Rights,Audit Rights|Limitation of Liability,True,independent auditor|liability cap,26,0.8,0.6,0.44,0.57,62.4,Medium,Train,Synthetic
383,CTR-10383,The recipient must not disclose non-disclosure to any third party without prior written consent.,Confidentiality,Confidentiality,False,non-disclosure,15,0.4,0.88,0.26,0.22,42.5,Low,Train,Synthetic
384,CTR-10384,The parties submit to the exclusive jurisdiction of courts located in California.,Governing Law,Governing Law,False,exclusive jurisdiction,12,0.2,0.63,0.36,0.08,30.2,Low,Train,Synthetic
385,CTR-10385,"This agreement is exclusive jurisdiction the State of Delaware, without regard to conflict-of-law principles.",Governing Law,Governing Law,False,exclusive jurisdiction,16,0.2,0.83,0.12,0.21,30.8,Low,Train,Synthetic
386,CTR-10386,A party may terminate immediately for an uncured material breach. Supplier shall notify Customer of a personal data within 24 hours.,Termination,Termination|Data Privacy,True,material breach|personal data,21,0.8,0.7,0.44,0.43,61.6,Medium,Train,Synthetic
387,CTR-10387,"Supplier shall maintain certificate of insurance with limits of at least $5,000,000 during the term.",Insurance,Insurance,False,certificate of insurance,17,0.6,0.86,0.35,0.36,54.1,Medium,Train,Synthetic
388,CTR-10388,The recipient must not disclose proprietary information to any third party without prior written consent. Supplier shall notify Customer of a data protection laws within 48 hours.,Confidentiality,Confidentiality|Data Privacy,True,proprietary information|data protection laws,27,0.8,0.75,0.55,0.45,65.8,Medium,Train,Synthetic
389,CTR-10389,A party may terminate immediately for an uncured material breach.,Termination,Termination,False,material breach,10,0.6,0.93,0.39,0.31,55.5,Medium,Train,Synthetic
390,CTR-10390,A party may terminate immediately for an uncured termination for convenience.,Termination,Termination,False,termination for convenience,11,0.6,0.85,0.28,0.52,55.4,Medium,Train,Synthetic
391,CTR-10391,The parties shall comply with applicable data protection laws and maintain appropriate safeguards.,Data Privacy,Data Privacy,False,data protection laws,13,0.8,0.76,0.68,0.47,69.6,Medium,Train,Synthetic
392,CTR-10392,An independent auditor may review Supplier’s compliance once per calendar year.,Audit Rights,Audit Rights,False,independent auditor,12,0.6,0.8,0.25,0.32,49.6,Medium,Train,Synthetic
393,CTR-10393,The aggregate liability cap shall not exceed fees paid during the prior 18 months.,Limitation of Liability,Limitation of Liability,False,liability cap,14,0.8,0.82,0.53,0.58,69.2,Medium,Train,Synthetic
394,CTR-10394,The parties shall comply with applicable data protection laws and maintain appropriate safeguards. The recipient must not disclose non-disclosure to any third party without prior written consent.,Data Privacy,Data Privacy|Confidentiality,True,data protection laws|non-disclosure,28,0.8,0.68,0.49,0.52,64.2,Medium,Train,Synthetic
395,CTR-10395,Coverage shall include cyber insurance issued by a reputable carrier.,Insurance,Insurance,False,cyber insurance,10,0.6,0.73,0.24,0.34,48.4,Medium,Validation,Synthetic
396,CTR-10396,"This agreement is exclusive jurisdiction the State of California, without regard to conflict-of-law principles.",Governing Law,Governing Law,False,exclusive jurisdiction,16,0.2,0.94,0.1,0.13,30.9,Low,Validation,Synthetic
397,CTR-10397,Neither party may prior written consent this agreement without the other party’s prior written consent.,Assignment,Assignment,False,prior written consent,16,0.4,0.79,0.14,0.26,38.5,Low,Validation,Synthetic
398,CTR-10398,A party may terminate immediately for an uncured terminate.,Termination,Termination,False,terminate,9,0.6,0.71,0.36,0.35,51.2,Medium,Test,Synthetic
399,CTR-10399,Supplier shall obtain assign before transferring its obligations.,Assignment,Assignment,False,assign,8,0.4,0.82,0.23,0.33,42.8,Low,Test,Synthetic
400,CTR-10400,Interpretation shall follow the laws of Delaware. Supplier shall notify Customer of a personal data within 24 hours.,Governing Law,Governing Law|Data Privacy,True,laws of|personal data,18,0.8,0.86,0.54,0.43,67.3,Medium,Test,Synthetic
401,CTR-10401,"This agreement is exclusive jurisdiction the State of Texas, without regard to conflict-of-law principles.",Governing Law,Governing Law,False,exclusive jurisdiction,16,0.2,0.87,0.29,0.18,35.2,Low,Train,Synthetic
402,CTR-10402,Participation in a restricted period during the term requires prior approval.,Non-Compete,Non-Compete,False,restricted period,11,1.0,0.67,0.69,0.7,79.7,High,Train,Synthetic
403,CTR-10403,Interpretation shall follow the exclusive jurisdiction Texas.,Governing Law,Governing Law,False,exclusive jurisdiction,7,0.2,0.87,0.07,0.22,30.6,Low,Train,Synthetic
404,CTR-10404,"Supplier shall maintain certificate of insurance with limits of at least $1,000,000 during the term.",Insurance,Insurance,False,certificate of insurance,17,0.6,0.68,0.24,0.44,49.4,Medium,Train,Synthetic
405,CTR-10405,Supplier shall obtain change of control before transferring its obligations.,Assignment,Assignment,False,change of control,10,0.4,0.95,0.22,0.28,44.1,Low,Train,Synthetic
406,CTR-10406,Supplier shall retain documentation supporting Customer’s inspection rights for 2 years.,Audit Rights,Audit Rights,False,inspection rights,12,0.6,0.92,0.37,0.34,55.5,Medium,Train,Synthetic
407,CTR-10407,"This agreement is governed by the State of California, without regard to conflict-of-law principles. Upon request, Supplier shall provide a current commercial general liability insurance.",Governing Law,Governing Law|Insurance,True,governed by|commercial general liability insurance,27,0.6,0.69,0.32,0.32,49.2,Medium,Train,Synthetic
408,CTR-10408,Customer may exercise material breach without cause by providing written notice.,Termination,Termination,False,material breach,11,0.6,0.79,0.24,0.44,51.6,Medium,Train,Synthetic
409,CTR-10409,The parties shall comply with applicable personal data and maintain appropriate safeguards.,Data Privacy,Data Privacy,False,personal data,12,0.8,0.71,0.6,0.44,66.0,Medium,Train,Synthetic
410,CTR-10410,"Neither party is liable for indirect or liability cap, except where prohibited by law.",Limitation of Liability,Limitation of Liability,False,liability cap,14,0.8,0.81,0.49,0.51,66.6,Medium,Train,Synthetic
411,CTR-10411,Obligations concerning non-disclosure survive termination for 7 years. The indemnifying party will indemnify the other party from covered claims.,Confidentiality,Confidentiality|Indemnification,True,non-disclosure|indemnify,20,1.0,0.65,0.57,0.66,75.4,High,Train,Synthetic
412,CTR-10412,The aggregate unlimited liability shall not exceed fees paid during the prior 6 months.,Limitation of Liability,Limitation of Liability,False,unlimited liability,14,0.8,0.67,0.59,0.61,68.3,Medium,Train,Synthetic
413,CTR-10413,"Supplier shall maintain cyber insurance with limits of at least $2,000,000 during the term.",Insurance,Insurance,False,cyber insurance,16,0.6,0.78,0.4,0.4,54.6,Medium,Train,Synthetic
414,CTR-10414,Each party shall protect non-disclosure and may disclose it only to personnel with a need to know.,Confidentiality,Confidentiality,False,non-disclosure,18,0.4,0.82,0.3,0.33,44.5,Low,Train,Synthetic
415,CTR-10415,The parties submit to the governed by of courts located in New York.,Governing Law,Governing Law,False,governed by,13,0.2,0.9,0.18,0.09,31.3,Low,Validation,Synthetic
416,CTR-10416,Obligations concerning confidential information survive termination for 7 years.,Confidentiality,Confidentiality,False,confidential information,9,0.4,0.88,0.3,0.23,43.7,Low,Validation,Synthetic
417,CTR-10417,Either party may terminate this agreement upon 15 days written notice.,Termination,Termination,False,terminate,11,0.6,0.67,0.23,0.37,47.6,Medium,Validation,Synthetic
418,CTR-10418,Obligations concerning non-disclosure survive termination for 7 years.,Confidentiality,Confidentiality,False,non-disclosure,9,0.4,0.79,0.32,0.3,43.8,Low,Test,Synthetic
419,CTR-10419,"Upon request, Supplier shall provide a current commercial general liability insurance. Supplier shall obtain prior written consent before transferring its obligations.",Insurance,Insurance|Assignment,True,commercial general liability insurance|prior written consent,21,0.6,0.86,0.35,0.36,54.1,Medium,Test,Synthetic
420,CTR-10420,Each party shall protect proprietary information and may disclose it only to personnel with a need to know.,Confidentiality,Confidentiality,False,proprietary information,18,0.4,0.78,0.15,0.28,39.0,Low,Test,Synthetic
421,CTR-10421,Obligations concerning proprietary information survive termination for 5 years.,Confidentiality,Confidentiality,False,proprietary information,9,0.4,0.78,0.13,0.25,37.9,Low,Train,Synthetic
422,CTR-10422,Assignment following a assign requires notice to the customer.,Assignment,Assignment,False,assign,9,0.4,0.74,0.38,0.26,43.5,Low,Train,Synthetic
423,CTR-10423,Each party shall protect non-disclosure and may disclose it only to personnel with a need to know.,Confidentiality,Confidentiality,False,non-disclosure,18,0.4,0.85,0.15,0.31,40.9,Low,Train,Synthetic
424,CTR-10424,This obligation applies to indemnify resulting from Supplier negligence. Supplier shall retain documentation supporting Customer’s audit records for 7 years.,Indemnification,Indemnification|Audit Rights,True,indemnify|audit records,21,1.0,0.59,0.5,0.58,70.9,High,Train,Synthetic
425,CTR-10425,The indemnifying party will third-party claims the other party from covered claims.,Indemnification,Indemnification,False,third-party claims,13,1.0,0.89,0.74,0.61,83.5,High,Train,Synthetic
426,CTR-10426,"Neither party is liable for indirect or liability cap, except where prohibited by law. Customer may exercise material breach without cause by providing written notice.",Limitation of Liability,Limitation of Liability|Termination,True,liability cap|material breach,25,0.8,0.58,0.49,0.49,61.6,Medium,Train,Synthetic
427,CTR-10427,Supplier shall process security incident only on documented instructions from Customer. The indemnifying party will third-party claims the other party from covered claims.,Data Privacy,Data Privacy|Indemnification,True,security incident|third-party claims,24,1.0,0.75,0.68,0.71,81.2,High,Train,Synthetic
428,CTR-10428,"Upon request, Supplier shall provide a current certificate of insurance.",Insurance,Insurance,False,certificate of insurance,10,0.6,0.84,0.22,0.43,51.9,Medium,Train,Synthetic
429,CTR-10429,The parties submit to the governed by of courts located in Delaware.,Governing Law,Governing Law,False,governed by,12,0.2,0.73,0.38,0.18,34.7,Low,Train,Synthetic
430,CTR-10430,Each party shall protect proprietary information and may disclose it only to personnel with a need to know.,Confidentiality,Confidentiality,False,proprietary information,18,0.4,0.89,0.26,0.25,43.3,Low,Train,Synthetic
431,CTR-10431,Coverage shall include cyber insurance issued by a reputable carrier.,Insurance,Insurance,False,cyber insurance,10,0.6,0.81,0.46,0.32,55.1,Medium,Train,Synthetic
432,CTR-10432,Supplier accepts unlimited liability for losses arising from breach of security obligations.,Limitation of Liability,Limitation of Liability,False,unlimited liability,12,0.8,0.94,0.46,0.71,72.5,High,Train,Synthetic
433,CTR-10433,Customer may exercise terminate without cause by providing written notice. Coverage shall include certificate of insurance issued by a reputable carrier.,Termination,Termination|Insurance,True,terminate|certificate of insurance,21,0.6,0.71,0.34,0.39,51.5,Medium,Train,Synthetic
434,CTR-10434,Either party may material breach this agreement upon 15 days written notice.,Termination,Termination,False,material breach,12,0.6,0.89,0.26,0.44,54.1,Medium,Train,Synthetic
435,CTR-10435,Supplier shall third-party claims Customer against losses arising from intellectual property infringement.,Indemnification,Indemnification,False,third-party claims,13,1.0,0.9,0.44,0.59,75.8,High,Validation,Synthetic
436,CTR-10436,The recipient must not disclose non-disclosure to any third party without prior written consent.,Confidentiality,Confidentiality,False,non-disclosure,15,0.4,0.78,0.31,0.33,44.0,Low,Validation,Synthetic
437,CTR-10437,Obligations concerning non-disclosure survive termination for 2 years.,Confidentiality,Confidentiality,False,non-disclosure,9,0.4,0.68,0.22,0.26,38.3,Low,Validation,Synthetic
438,CTR-10438,A party may terminate immediately for an uncured terminate. This obligation applies to defend and hold harmless resulting from Supplier negligence.,Termination,Termination|Indemnification,True,terminate|defend and hold harmless,21,1.0,0.79,0.59,0.56,76.8,High,Test,Synthetic
439,CTR-10439,The recipient must not disclose confidential information to any third party without prior written consent.,Confidentiality,Confidentiality,False,confidential information,15,0.4,0.97,0.15,0.26,42.4,Low,Test,Synthetic
440,CTR-10440,Either party may terminate this agreement upon 60 days written notice.,Termination,Termination,False,terminate,11,0.6,0.82,0.4,0.41,55.6,Medium,Test,Synthetic
441,CTR-10441,Assignment following a prior written consent requires notice to the customer.,Assignment,Assignment,False,prior written consent,11,0.4,0.96,0.27,0.25,45.0,Medium,Train,Synthetic
442,CTR-10442,"This agreement is governed by the State of California, without regard to conflict-of-law principles.",Governing Law,Governing Law,False,governed by,16,0.2,0.79,0.25,0.09,30.9,Low,Train,Synthetic
443,CTR-10443,Customer may exercise terminate without cause by providing written notice.,Termination,Termination,False,terminate,10,0.6,0.63,0.3,0.42,49.5,Medium,Train,Synthetic
444,CTR-10444,"Supplier shall maintain certificate of insurance with limits of at least $1,000,000 during the term.",Insurance,Insurance,False,certificate of insurance,17,0.6,0.7,0.5,0.37,54.9,Medium,Train,Synthetic
445,CTR-10445,Customer may exercise termination for convenience without cause by providing written notice. Customer may audit records on reasonable notice during normal business hours.,Termination,Termination|Audit Rights,True,termination for convenience|audit records,23,0.6,0.57,0.42,0.58,54.5,Medium,Train,Synthetic
446,CTR-10446,Each party shall protect non-disclosure and may disclose it only to personnel with a need to know.,Confidentiality,Confidentiality,False,non-disclosure,18,0.4,0.74,0.45,0.3,46.1,Medium,Train,Synthetic
447,CTR-10447,Either party may terminate this agreement upon 60 days written notice. Neither party may assign this agreement without the other party’s prior written consent.,Termination,Termination|Assignment,True,terminate|assign,25,0.6,0.57,0.41,0.43,51.2,Medium,Train,Synthetic
448,CTR-10448,This obligation applies to indemnify resulting from Supplier negligence.,Indemnification,Indemnification,False,indemnify,9,1.0,0.76,0.59,0.64,77.8,High,Train,Synthetic
449,CTR-10449,Coverage shall include cyber insurance issued by a reputable carrier.,Insurance,Insurance,False,cyber insurance,10,0.6,0.71,0.45,0.36,53.6,Medium,Train,Synthetic
450,CTR-10450,This obligation applies to indemnify resulting from Supplier negligence.,Indemnification,Indemnification,False,indemnify,9,1.0,0.77,0.67,0.7,81.2,High,Train,Synthetic
451,CTR-10451,Each party shall protect non-disclosure and may disclose it only to personnel with a need to know.,Confidentiality,Confidentiality,False,non-disclosure,18,0.4,0.96,0.25,0.29,45.2,Medium,Train,Synthetic
452,CTR-10452,Interpretation shall follow the laws of Delaware.,Governing Law,Governing Law,False,laws of,7,0.2,0.66,0.1,0.21,26.9,Low,Train,Synthetic
453,CTR-10453,Obligations concerning non-disclosure survive termination for 7 years.,Confidentiality,Confidentiality,False,non-disclosure,9,0.4,0.89,0.27,0.33,45.1,Medium,Train,Synthetic
454,CTR-10454,"Interpretation shall follow the governed by California. Neither party is liable for indirect or unlimited liability, except where prohibited by law.",Governing Law,Governing Law|Limitation of Liability,True,governed by|unlimited liability,21,0.8,0.84,0.48,0.71,71.0,High,Train,Synthetic
455,CTR-10455,"Either party may material breach this agreement upon 45 days written notice. Upon request, Supplier shall provide a current cyber insurance.",Termination,Termination|Insurance,True,material breach|cyber insurance,21,0.6,0.58,0.43,0.43,52.0,Medium,Validation,Synthetic
456,CTR-10456,Obligations concerning confidential information survive termination for 1 years.,Confidentiality,Confidentiality,False,confidential information,9,0.4,0.93,0.3,0.24,44.9,Low,Validation,Synthetic
457,CTR-10457,Assignment following a prior written consent requires notice to the customer.,Assignment,Assignment,False,prior written consent,11,0.4,0.86,0.14,0.2,38.7,Low,Validation,Synthetic
458,CTR-10458,Either party may termination for convenience this agreement upon 30 days written notice.,Termination,Termination,False,termination for convenience,13,0.6,0.7,0.33,0.5,53.2,Medium,Test,Synthetic
459,CTR-10459,Obligations concerning proprietary information survive termination for 2 years. Supplier shall process security incident only on documented instructions from Customer.,Confidentiality,Confidentiality|Data Privacy,True,proprietary information|security incident,20,0.8,0.58,0.49,0.6,63.8,Medium,Test,Synthetic
460,CTR-10460,"Upon request, Supplier shall provide a current commercial general liability insurance.",Insurance,Insurance,False,commercial general liability insurance,11,0.6,0.69,0.32,0.43,51.4,Medium,Test,Synthetic
461,CTR-10461,The aggregate consequential damages shall not exceed fees paid during the prior 24 months.,Limitation of Liability,Limitation of Liability,False,consequential damages,14,0.8,0.78,0.64,0.57,71.0,High,Train,Synthetic
462,CTR-10462,A party may terminate immediately for an uncured material breach. The aggregate liability cap shall not exceed fees paid during the prior 12 months.,Termination,Termination|Limitation of Liability,True,material breach|liability cap,24,0.8,0.72,0.43,0.5,63.1,Medium,Train,Synthetic
463,CTR-10463,Supplier shall notify Customer of a personal data within 24 hours.,Data Privacy,Data Privacy,False,personal data,11,0.8,0.82,0.5,0.5,66.9,Medium,Train,Synthetic
464,CTR-10464,Customer may exercise termination for convenience without cause by providing written notice.,Termination,Termination,False,termination for convenience,12,0.6,0.72,0.31,0.52,53.5,Medium,Train,Synthetic
465,CTR-10465,Interpretation shall follow the laws of California.,Governing Law,Governing Law,False,laws of,7,0.2,0.77,0.19,0.18,30.8,Low,Train,Synthetic
466,CTR-10466,Neither party may change of control this agreement without the other party’s prior written consent.,Assignment,Assignment,False,change of control,16,0.4,0.9,0.16,0.2,40.0,Low,Train,Synthetic
467,CTR-10467,The recipient must not disclose confidential information to any third party without prior written consent.,Confidentiality,Confidentiality,False,confidential information,15,0.4,0.67,0.18,0.31,38.1,Low,Train,Synthetic
468,CTR-10468,Obligations concerning proprietary information survive termination for 3 years.,Confidentiality,Confidentiality,False,proprietary information,9,0.4,0.65,0.15,0.31,37.0,Low,Train,Synthetic
469,CTR-10469,Assignment following a assign requires notice to the customer.,Assignment,Assignment,False,assign,9,0.4,0.67,0.25,0.3,39.6,Low,Train,Synthetic
470,CTR-10470,Obligations concerning proprietary information survive termination for 7 years. Supplier shall process security incident only on documented instructions from Customer.,Confidentiality,Confidentiality|Data Privacy,True,proprietary information|security incident,20,0.8,0.59,0.32,0.72,62.2,Medium,Train,Synthetic
471,CTR-10471,Supplier shall retain documentation supporting Customer’s audit records for 5 years.,Audit Rights,Audit Rights,False,audit records,12,0.6,0.74,0.55,0.34,56.4,Medium,Train,Synthetic
472,CTR-10472,Each party shall protect non-disclosure and may disclose it only to personnel with a need to know.,Confidentiality,Confidentiality,False,non-disclosure,18,0.4,0.7,0.29,0.31,41.4,Low,Train,Synthetic
473,CTR-10473,"Neither party is liable for indirect or unlimited liability, except where prohibited by law.",Limitation of Liability,Limitation of Liability,False,unlimited liability,14,0.8,0.93,0.63,0.64,75.2,High,Train,Synthetic
474,CTR-10474,The recipient must not disclose confidential information to any third party without prior written consent.,Confidentiality,Confidentiality,False,confidential information,15,0.4,0.73,0.45,0.27,45.2,Medium,Train,Synthetic
475,CTR-10475,The recipient must not disclose confidential information to any third party without prior written consent.,Confidentiality,Confidentiality,False,confidential information,15,0.4,0.87,0.13,0.27,40.0,Low,Validation,Synthetic
476,CTR-10476,A party may terminate immediately for an uncured terminate.,Termination,Termination,False,terminate,9,0.6,0.85,0.59,0.4,60.8,Medium,Validation,Synthetic
477,CTR-10477,The contractor agrees to a non-compete obligation within the defined territory.,Non-Compete,Non-Compete,False,non-compete,12,1.0,0.91,0.45,0.76,79.7,High,Validation,Synthetic
478,CTR-10478,Supplier shall process security incident only on documented instructions from Customer.,Data Privacy,Data Privacy,False,security incident,11,0.8,0.9,0.35,0.67,68.2,Medium,Test,Synthetic
479,CTR-10479,"Upon request, Supplier shall provide a current cyber insurance. Each party shall protect confidential information and may disclose it only to personnel with a need to know.",Insurance,Insurance|Confidentiality,True,cyber insurance|confidential information,27,0.6,0.74,0.47,0.4,55.5,Medium,Test,Synthetic
480,CTR-10480,Supplier shall obtain change of control before transferring its obligations.,Assignment,Assignment,False,change of control,10,0.4,0.95,0.17,0.25,42.2,Low,Test,Synthetic
481,CTR-10481,Obligations concerning non-disclosure survive termination for 7 years.,Confidentiality,Confidentiality,False,non-disclosure,9,0.4,0.72,0.22,0.24,38.7,Low,Train,Synthetic
482,CTR-10482,Each party shall protect proprietary information and may disclose it only to personnel with a need to know.,Confidentiality,Confidentiality,False,proprietary information,18,0.4,0.95,0.32,0.25,46.0,Medium,Train,Synthetic
483,CTR-10483,A party may terminate immediately for an uncured material breach. Supplier accepts liability cap for losses arising from breach of security obligations.,Termination,Termination|Limitation of Liability,True,material breach|liability cap,22,0.8,0.61,0.53,0.45,62.4,Medium,Train,Synthetic
484,CTR-10484,"Neither party is liable for indirect or unlimited liability, except where prohibited by law.",Limitation of Liability,Limitation of Liability,False,unlimited liability,14,0.8,0.63,0.66,0.69,70.9,High,Train,Synthetic
485,CTR-10485,Each party shall protect non-disclosure and may disclose it only to personnel with a need to know.,Confidentiality,Confidentiality,False,non-disclosure,18,0.4,0.91,0.15,0.29,41.8,Low,Train,Synthetic
486,CTR-10486,The recipient must not disclose proprietary information to any third party without prior written consent.,Confidentiality,Confidentiality,False,proprietary information,15,0.4,0.79,0.27,0.25,41.6,Low,Train,Synthetic
487,CTR-10487,Customer may exercise termination for convenience without cause by providing written notice.,Termination,Termination,False,termination for convenience,12,0.6,0.63,0.53,0.59,58.7,Medium,Train,Synthetic
488,CTR-10488,The aggregate liability cap shall not exceed fees paid during the prior 6 months.,Limitation of Liability,Limitation of Liability,False,liability cap,14,0.8,0.76,0.49,0.47,64.8,Medium,Train,Synthetic
489,CTR-10489,Obligations concerning confidential information survive termination for 1 years.,Confidentiality,Confidentiality,False,confidential information,9,0.4,0.95,0.14,0.32,42.9,Low,Train,Synthetic
490,CTR-10490,A party may terminate immediately for an uncured terminate.,Termination,Termination,False,terminate,9,0.6,0.91,0.37,0.38,56.0,Medium,Train,Synthetic
491,CTR-10491,The recipient must not disclose proprietary information to any third party without prior written consent.,Confidentiality,Confidentiality,False,proprietary information,15,0.4,0.92,0.24,0.32,44.8,Low,Train,Synthetic
492,CTR-10492,The parties submit to the exclusive jurisdiction of courts located in Delaware.,Governing Law,Governing Law,False,exclusive jurisdiction,12,0.2,0.76,0.21,0.08,29.1,Low,Train,Synthetic
493,CTR-10493,The parties submit to the exclusive jurisdiction of courts located in New York.,Governing Law,Governing Law,False,exclusive jurisdiction,13,0.2,0.78,0.15,0.16,29.5,Low,Train,Synthetic
494,CTR-10494,Interpretation shall follow the laws of New Jersey.,Governing Law,Governing Law,False,laws of,8,0.2,0.81,0.12,0.08,27.8,Low,Train,Synthetic
495,CTR-10495,"Supplier shall maintain certificate of insurance with limits of at least $5,000,000 during the term.",Insurance,Insurance,False,certificate of insurance,17,0.6,0.78,0.34,0.36,52.3,Medium,Validation,Synthetic
496,CTR-10496,The recipient must not disclose proprietary information to any third party without prior written consent.,Confidentiality,Confidentiality,False,proprietary information,15,0.4,0.86,0.15,0.3,40.9,Low,Validation,Synthetic
497,CTR-10497,The parties shall comply with applicable data protection laws and maintain appropriate safeguards.,Data Privacy,Data Privacy,False,data protection laws,13,0.8,0.69,0.62,0.44,66.1,Medium,Validation,Synthetic
498,CTR-10498,Customer may exercise termination for convenience without cause by providing written notice.,Termination,Termination,False,termination for convenience,12,0.6,0.96,0.27,0.59,58.7,Medium,Test,Synthetic
499,CTR-10499,The parties shall comply with applicable personal data and maintain appropriate safeguards.,Data Privacy,Data Privacy,False,personal data,12,0.8,0.79,0.45,0.55,66.0,Medium,Test,Synthetic
500,CTR-10500,An independent auditor may review Supplier’s compliance once per calendar year.,Audit Rights,Audit Rights,False,independent auditor,12,0.6,0.96,0.27,0.41,55.1,Medium,Test,Synthetic
